award_id,description,psc_code,naics_code,baseline_include_flag,baseline_primary_category,baseline_reason_codes,matched_keywords,relevance_label,category_label_optional,ambiguity_flag,confidence_level,second_review_needed,reviewer_id,review_date,reviewer_notes
DEFE0004002,PROGRAM AND PERFORMANCE MANAGEMENT (PPM) SERVICES,R408,541330,True,project_program_support,PSC_MATCH|KEYWORD_MATCH|MULTI_SIGNAL|MULTI_CATEGORY_MATCH|POTENTIAL_INTEGRATED_SERVICE|BASELINE_INCLUDE,engineering services|management support|program management|program management support,,,,,,,,
N0002418F8410,SYSTEM DESIGN AND INTEGRATION AGENT FY18-FY21,AD24,541715,True,engineering_design_support,NAICS_BROAD_MATCH|KEYWORD_MATCH|MULTI_SIGNAL|MULTI_CATEGORY_MATCH|POTENTIAL_INTEGRATED_SERVICE|BASELINE_INCLUDE,system design,,,,,,,,
H9240023F0010,FLINTLOCK 23-16,R499,541611,True,project_program_support,PSC_BROAD_MATCH|NAICS_MATCH|MULTI_SIGNAL|MULTI_CATEGORY_MATCH|POTENTIAL_INTEGRATED_SERVICE|BASELINE_INCLUDE,,,,,,,,,
H9225724F0068,MASS 24-3,R499,541611,True,project_program_support,PSC_BROAD_MATCH|NAICS_MATCH|MULTI_SIGNAL|MULTI_CATEGORY_MATCH|POTENTIAL_INTEGRATED_SERVICE|BASELINE_INCLUDE,,,,,,,,,
19AQMM19C0079,CLOSELY ASSOCIATED - ADMINISTRATIVE SUPPORT SERVICES FOR THE DEPARTMENT OF STATE,R699,541611,True,project_program_support,NAICS_MATCH|MULTI_CATEGORY_MATCH|POTENTIAL_INTEGRATED_SERVICE|BASELINE_INCLUDE,administrative support|support services,,,,,,,,
W58RGZ19F0014,DESIGN NONRECURRING ENGINEERING FABRICATION INSTALLATION VALIDATION VERIFICATION MAINTENANCE AND TRAINING OF THE CH47F ICH47F MODIFICATION AND UPGRADE PROGRAM THE CONTRACTOR SHALL PROCURE THE REQUIRED MATERIAL FOR TWO UAE AIRCRAFT AND MODIFY ONE AIRCRAFT IN GROUP B AND ONE AIRCRAFT IN GROUP C,1680,336411,True,prototyping,STRONG_PROTOTYPE_KEYWORD_MATCH|VERY_STRONG_PROTOTYPE_KEYWORD_MATCH|KEYWORD_MATCH|MULTI_CATEGORY_MATCH|POTENTIAL_INTEGRATED_SERVICE|BASELINE_INCLUDE,fabrication|training,1,,,,,,,
89303722FEM400202,SAVANNAH RIVER SITE INTEGRATED MISSION COMPLETION CONTRACT TASK ORDER TWO - IMPLEMENTATION,R499,562910,True,project_program_support,PSC_BROAD_MATCH|KEYWORD_MATCH|MULTI_SIGNAL|MULTI_CATEGORY_MATCH|POTENTIAL_INTEGRATED_SERVICE|BASELINE_INCLUDE,implementation support|task order,,,,,,,,
H9240019F0208,SOMALIA 19-143 (5 EVENTS),R499,541611,True,project_program_support,PSC_BROAD_MATCH|NAICS_MATCH|MULTI_SIGNAL|MULTI_CATEGORY_MATCH|POTENTIAL_INTEGRATED_SERVICE|BASELINE_INCLUDE,,0,,,,,,,
H9240023F0087,CHIEF OF STAFF OFFICE STRATEGIC COMMUNICATIONS SUBJECT MATTER EXPERT,R499,541611,True,project_program_support,PSC_BROAD_MATCH|NAICS_MATCH|MULTI_SIGNAL|MULTI_CATEGORY_MATCH|POTENTIAL_INTEGRATED_SERVICE|BASELINE_INCLUDE,,,,,,,,,
H9240022F0120,USASOC SARM AWARD,R499,541611,True,project_program_support,PSC_BROAD_MATCH|NAICS_MATCH|MULTI_SIGNAL|MULTI_CATEGORY_MATCH|POTENTIAL_INTEGRATED_SERVICE|BASELINE_INCLUDE,,0,,,,,,,
H9240823C0003,AGILE SSD,R408,541519,True,project_program_support,PSC_MATCH|KEYWORD_MATCH|MULTI_SIGNAL|MULTI_CATEGORY_MATCH|POTENTIAL_INTEGRATED_SERVICE|BASELINE_INCLUDE,management support|program management|program management support,,,,,,,,
0001,INFORMATION MANAGEMENT SUPPORT SERVICES,R499,541519,True,project_program_support,PSC_BROAD_MATCH|KEYWORD_MATCH|MULTI_SIGNAL|MULTI_CATEGORY_MATCH|POTENTIAL_INTEGRATED_SERVICE|BASELINE_INCLUDE,management support|support services,,,,,,,,
140D0422C0037,"OFFICE OF REFUGEE RESETTLEMENT (ORR), ADMINISTRATION FOR CHILDREN AND FAMILIES (ACF), U.S. DEPARTMENT OF HEALTH AND HUMAN SERVICES (HHS) SPONSOR SERVICES",G099,541611,True,project_program_support,NAICS_MATCH|MULTI_CATEGORY_MATCH|POTENTIAL_INTEGRATED_SERVICE|BASELINE_INCLUDE,health,,,,,,,,
HQ003418F0637,PWS TASKS 3.1-3.3; IGF::OT::IGF,R499,541611,True,project_program_support,PSC_BROAD_MATCH|NAICS_MATCH|MULTI_SIGNAL|MULTI_CATEGORY_MATCH|POTENTIAL_INTEGRATED_SERVICE|BASELINE_INCLUDE,,,,,,,,,
H9240021F0104,GEORGIA SOFIC 21-58,R499,541611,True,project_program_support,PSC_BROAD_MATCH|NAICS_MATCH|MULTI_SIGNAL|MULTI_CATEGORY_MATCH|POTENTIAL_INTEGRATED_SERVICE|BASELINE_INCLUDE,,,,,,,,,
N0018914CZ073,IGF::OT::IGF LITIGATION SUPPORT SERVICES - BASE YEAR,R408,541611,True,project_program_support,PSC_MATCH|NAICS_MATCH|KEYWORD_MATCH|MULTI_SIGNAL|MULTI_CATEGORY_MATCH|POTENTIAL_INTEGRATED_SERVICE|BASELINE_INCLUDE,management support|program management|program management support|support services,,,,,,,,
H9240024F0139,"SOAIC/SOAPC LAUPHEIM, GERMANY 24-51",R499,541611,True,project_program_support,PSC_BROAD_MATCH|NAICS_MATCH|MULTI_SIGNAL|MULTI_CATEGORY_MATCH|POTENTIAL_INTEGRATED_SERVICE|BASELINE_INCLUDE,,,,,,,,,
HHSM5000002,PROGRAM MANAGEMENT/SUPPORT SERVICES,R408,,True,project_program_support,PSC_MATCH|KEYWORD_MATCH|MULTI_SIGNAL|MULTI_CATEGORY_MATCH|POTENTIAL_INTEGRATED_SERVICE|BASELINE_INCLUDE,management support|program management|program management support|support services,0,,,,,,,
H9225722P0036,"WEEK 5, CHARTERS + INSTRUCTION",R408,611699,True,project_program_support,PSC_MATCH|KEYWORD_MATCH|MULTI_SIGNAL|MULTI_CATEGORY_MATCH|POTENTIAL_INTEGRATED_SERVICE|BASELINE_INCLUDE,management support|program management|program management support,,,,,,,,
H9240024F0034,VANDENBURG SPACE 24-12,R499,541611,True,project_program_support,PSC_BROAD_MATCH|NAICS_MATCH|MULTI_SIGNAL|MULTI_CATEGORY_MATCH|POTENTIAL_INTEGRATED_SERVICE|BASELINE_INCLUDE,,,,,,,,,
0001,IGF::OT::IGF THIS ACTION IS TO AWARD TASK ORDER 0001 FOR ENGINEERING ENTERPRISE (EE).,R499,541330,True,project_program_support,PSC_BROAD_MATCH|KEYWORD_MATCH|MULTI_SIGNAL|MULTI_CATEGORY_MATCH|POTENTIAL_INTEGRATED_SERVICE|BASELINE_INCLUDE,engineering services|task order,,,,,,,,
H9240022F0058,MOLDOVA SOFIC 22-26,R499,541611,True,project_program_support,PSC_BROAD_MATCH|NAICS_MATCH|MULTI_SIGNAL|MULTI_CATEGORY_MATCH|POTENTIAL_INTEGRATED_SERVICE|BASELINE_INCLUDE,,,,,,,,,
FA822419F0080,"BASIC SUSTAINMENT ENGINEERING SERVICES FOR ACTIVITIES AND LICENSES IN SUPPORT OF LAUNCH AND EARLY ORBIT, ANOMALY RESOLUTION, AND DISPOSAL OPERATION (LADO) SUSTAINMENT PROGRAM AT PETERSON AIR FORCE BASE (AFB), SCHRIEVER AFB, AND VANDENBERG AFB.",D318,541715,True,engineering_design_support,NAICS_BROAD_MATCH|KEYWORD_MATCH|MULTI_SIGNAL|MULTI_CATEGORY_MATCH|POTENTIAL_INTEGRATED_SERVICE|BASELINE_INCLUDE,engineering services,,,,,,,,
N0002424F24B1,NAVAL SUSTAINMENT SYSTEM-SHIPYARD,R499,541618,True,project_program_support,PSC_BROAD_MATCH|NAICS_MATCH|MULTI_SIGNAL|MULTI_CATEGORY_MATCH|POTENTIAL_INTEGRATED_SERVICE|BASELINE_INCLUDE,,,,,,,,,
W31P4Q20FD002,EXPRESS TASK ORDER AWARD FOR PROGRAMMATIC SERVICE SUPPORT FOR THE AVIATION MISSION SYSTEMS AND ARCHITECTURE PROGRAM OFFICE.,R408,541614,True,project_program_support,PSC_MATCH|KEYWORD_MATCH|MULTI_SIGNAL|MULTI_CATEGORY_MATCH|POTENTIAL_INTEGRATED_SERVICE|BASELINE_INCLUDE,management support|program management|program management support|task order,0,,,,,,,
FA205724CB001,PROJECT 93 (P93) SENSOR PROTOTYPE FABRICATION,5841,541715,True,prototyping,NAICS_BROAD_MATCH|STRONG_PROTOTYPE_KEYWORD_MATCH|VERY_STRONG_PROTOTYPE_KEYWORD_MATCH|KEYWORD_MATCH|MULTI_SIGNAL|MULTI_CATEGORY_MATCH|POTENTIAL_INTEGRATED_SERVICE|BASELINE_INCLUDE,fabrication,,,,,,,,
HHSM500201300167C,IGF::OT::IGF ELIGIBILITY APPEALS OPERATIONS SUPPORT,R499,541611,True,project_program_support,PSC_BROAD_MATCH|NAICS_MATCH|MULTI_SIGNAL|MULTI_CATEGORY_MATCH|POTENTIAL_INTEGRATED_SERVICE|BASELINE_INCLUDE,,,,,,,,,
W911S016F0023,IGF::OT::IGF,R408,541330,True,project_program_support,PSC_MATCH|KEYWORD_MATCH|MULTI_SIGNAL|MULTI_CATEGORY_MATCH|POTENTIAL_INTEGRATED_SERVICE|BASELINE_INCLUDE,engineering services|management support|program management|program management support,,,,,,,,
H9225724F0079,MRSB PTP SUPPORT,R499,541611,True,project_program_support,PSC_BROAD_MATCH|NAICS_MATCH|MULTI_SIGNAL|MULTI_CATEGORY_MATCH|POTENTIAL_INTEGRATED_SERVICE|BASELINE_INCLUDE,,,,,,,,,
N0003014C0021,FY14 NWS ACQUISITION AND OPERATIONS,R408,541330,True,project_program_support,PSC_MATCH|KEYWORD_MATCH|MULTI_SIGNAL|MULTI_CATEGORY_MATCH|POTENTIAL_INTEGRATED_SERVICE|BASELINE_INCLUDE,engineering services|management support|program management|program management support,,,,,,,,
47QFHA23F0004,DEAMS 1-YEAR BRIDGE,R408,541211,True,project_program_support,PSC_MATCH|KEYWORD_MATCH|MULTI_SIGNAL|MULTI_CATEGORY_MATCH|POTENTIAL_INTEGRATED_SERVICE|BASELINE_INCLUDE,management support|program management|program management support,,,,,,,,
NNA14AC46C,"IGF::OT::IGF FINANCIAL SUPPORT SERVICES THE AMES RESEARCH CENTER OFFICE OF THE CHIEF FINANCIAL OFFICER (OCFO), PROVIDES PROFESSIONAL LEADERSHIP FOR PLANNING, ANALYSIS, JUSTIFICATION, PROCUREMENT, CONTROL, AND REPORTING OF ALL AMES RESEARCH CENTER (ARC) FISCAL RESOURCES, AND FOR ARC STRATEGIC MANAGEMENT AND PLANNING, AND PERFORMANCE MEASUREMENT. THIS CONTRACT WILL PROVIDE SUPPORT IN THE AREAS OF ADMINISTRATIVE MANAGEMENT, RESOURCES MANAGEMENT, FINANCIAL MANAGEMENT, PROGRAM ANALYSIS AND BUSINESS INTEGRATION, BUSINESS SYSTEMS SUPPORT SERVICES, SPECIAL FINANCIAL ANALYSIS, AND CONTRACTOR TRAVEL/TRAINING.",R710,541611,True,project_program_support,NAICS_MATCH|MULTI_CATEGORY_MATCH|POTENTIAL_INTEGRATED_SERVICE|BASELINE_INCLUDE,support services|training,,,,,,,,
W52P1J21F0015,THIS AWARD IS FOR SYSTEMS ENGINEERING TECHNICAL ASSISTANCE (SETA) SUPPORT SERVICES.,R408,541715,True,project_program_support,PSC_MATCH|KEYWORD_MATCH|MULTI_SIGNAL|MULTI_CATEGORY_MATCH|POTENTIAL_INTEGRATED_SERVICE|BASELINE_INCLUDE,management support|program management|program management support|support services|systems engineering|technical assistance,,,,,,,,
HQ014718C0004,IGF::OT::IGF DPF LABOR,R408,541614,True,project_program_support,PSC_MATCH|KEYWORD_MATCH|MULTI_SIGNAL|MULTI_CATEGORY_MATCH|POTENTIAL_INTEGRATED_SERVICE|BASELINE_INCLUDE,management support|program management|program management support,0,,,,,,,
1605DC19F00332,DOL VETERANS EMPLOYMENT AND TRAINING SERVICE (VETS) - TRANSITION ASSISTANCE PROGRAM (TAP),R408,541612,True,project_program_support,PSC_MATCH|KEYWORD_MATCH|MULTI_SIGNAL|MULTI_CATEGORY_MATCH|POTENTIAL_INTEGRATED_SERVICE|BASELINE_INCLUDE,management support|program management|program management support|training,,,,,,,,
47QFEA20F0002,ILS SUPPORT FOR PM TN,R408,541330,True,project_program_support,PSC_MATCH|KEYWORD_MATCH|MULTI_SIGNAL|MULTI_CATEGORY_MATCH|POTENTIAL_INTEGRATED_SERVICE|BASELINE_INCLUDE,engineering services|management support|program management|program management support,,,,,,,,
70T03020F1NCIO261,"THE PURPOSE OF THIS ORDER IS TO PROVIDE BUSINESS ANALYSIS SUPPORT, TRAINING, ACQUISITION, AND PROGRAM MANAGEMENT SUPPORT, AS WELL AS ASSET AND SOFTWARE MANAGEMENT, ADMINISTRATIVE SUPPORT, AND MISSION ORIENTED SUPPORT SERVICES TO DIVISIONS ACROSS IT.",R408,541611,True,project_program_support,PSC_MATCH|NAICS_MATCH|KEYWORD_MATCH|MULTI_SIGNAL|MULTI_CATEGORY_MATCH|POTENTIAL_INTEGRATED_SERVICE|BASELINE_INCLUDE,administrative support|management support|program management|program management support|support services|training,,,,,,,,
AID514C1700002,"IGF::OT::IGF - THE PURPOSE OF THE ACTIVITY IS TO IMPROVE THE COMPETITIVENESS OF RURAL PRODUCERS TO RESPOND TO NEW AND EXPANDING MARKET OPPORTUNITIES. THE INITIATIVES DESIGNED UNDER THIS ACTIVITY ARE MARKET-LED AND FOCUS ON MEETING THE EXPECTATIONS OF END MARKETS, TO ENSURE SUSTAINABILITY AND INCREASED PROFITABILITY FOR RURAL PRODUCERS AND OTHER ACTORS IN THE SELECTED VALUE CHAINS. THE PRODUCERS TO MARKET ALLIANCE (PMA) ACTIVITY WILL HELP CLOSE BUSINESS DEALS BETWEEN PRODUCERS AND BUYERS TO INCREASE INCOMES OF SMALL FARMERS, INCLUDING WOMEN HEADS OF HOUSEHOLD AND MEMBERS OF MINORITY ETHNIC GROUPS IN RURAL MUNICIPALITIES THAT ARE IMPORTANT TO ACHIEVING A SUSTAINABLE AND INCLUSIVE PEACE IN COLOMBIA.",R408,541690,True,project_program_support,PSC_MATCH|KEYWORD_MATCH|MULTI_SIGNAL|MULTI_CATEGORY_MATCH|POTENTIAL_INTEGRATED_SERVICE|BASELINE_INCLUDE,management support|program management|program management support,,,,,,,,
H9240021F0065,COLOMBIA FC 21-49,R499,541611,True,project_program_support,PSC_BROAD_MATCH|NAICS_MATCH|MULTI_SIGNAL|MULTI_CATEGORY_MATCH|POTENTIAL_INTEGRATED_SERVICE|BASELINE_INCLUDE,,,,,,,,,
H9240020F0235,UKRAINE IRCS 20-167,R499,541611,True,project_program_support,PSC_BROAD_MATCH|NAICS_MATCH|MULTI_SIGNAL|MULTI_CATEGORY_MATCH|POTENTIAL_INTEGRATED_SERVICE|BASELINE_INCLUDE,,,,,,,,,
H9240023F0085,SOCBT 23A 23-50,R499,541611,True,project_program_support,PSC_BROAD_MATCH|NAICS_MATCH|MULTI_SIGNAL|MULTI_CATEGORY_MATCH|POTENTIAL_INTEGRATED_SERVICE|BASELINE_INCLUDE,,,,,,,,,
0005,IGF::OT::IGF MIBP PROGRAM DEVELOPMENT AND MANAGEMENT,R408,518210,True,project_program_support,PSC_MATCH|KEYWORD_MATCH|MULTI_SIGNAL|MULTI_CATEGORY_MATCH|POTENTIAL_INTEGRATED_SERVICE|BASELINE_INCLUDE,management support|program management|program management support,,,,,,,,
140D0423C0051,PROGRAM MANAGEMENT OFFICE (PMO) SUPPORT SERVICES,R499,541611,True,project_program_support,PSC_BROAD_MATCH|NAICS_MATCH|KEYWORD_MATCH|MULTI_SIGNAL|MULTI_CATEGORY_MATCH|POTENTIAL_INTEGRATED_SERVICE|BASELINE_INCLUDE,program management|support services,0,,,,,,,
W81XWH19F0570,TATRC RESEARCH SUPPORT BASE PERIOD T&M,R408,541611,True,project_program_support,PSC_MATCH|NAICS_MATCH|KEYWORD_MATCH|MULTI_SIGNAL|MULTI_CATEGORY_MATCH|POTENTIAL_INTEGRATED_SERVICE|BASELINE_INCLUDE,management support|program management|program management support,,,,,,,,
HHSM500T0001,"IGF::OT::IGF UPIC TASK ORDER AWARD TO COMBAT FRAUD, WASTE AND ABUSE IN THE NORTH-EASTERN JURISDICTION",R499,541990,True,project_program_support,PSC_BROAD_MATCH|KEYWORD_MATCH|MULTI_SIGNAL|MULTI_CATEGORY_MATCH|POTENTIAL_INTEGRATED_SERVICE|BASELINE_INCLUDE,task order|technical services,,,,,,,,
H9240021F0075,3D QTR PART TIME 21-35,R499,541611,True,project_program_support,PSC_BROAD_MATCH|NAICS_MATCH|MULTI_SIGNAL|MULTI_CATEGORY_MATCH|POTENTIAL_INTEGRATED_SERVICE|BASELINE_INCLUDE,,0,,,,,,,
H9240023F0120,RDFP & C-JIIM-C SUPPORT 23-76,R499,541611,True,project_program_support,PSC_BROAD_MATCH|NAICS_MATCH|MULTI_SIGNAL|MULTI_CATEGORY_MATCH|POTENTIAL_INTEGRATED_SERVICE|BASELINE_INCLUDE,,0,,,,,,,
H9224022F0225,NSW EXEC COACHING AND LEADRSHP DEV TRNG - GUARANTEED MINIMUM,U099,541618,True,project_program_support,NAICS_MATCH|MULTI_CATEGORY_MATCH|POTENTIAL_INTEGRATED_SERVICE|BASELINE_INCLUDE,education|training,,,,,,,,
80GRC018C0022,"IGF::OT::IGF CONSTRUCTION, MAINTENANCE, ENVIRONMENTAL AND TESTING SERVICES (COMETS)",R408,541330,True,project_program_support,PSC_MATCH|KEYWORD_MATCH|MULTI_SIGNAL|MULTI_CATEGORY_MATCH|POTENTIAL_INTEGRATED_SERVICE|BASELINE_INCLUDE,engineering services|management support|program management|program management support,,,,,,,,
FA489019FA024,ACC FORCE OPTIMIZATION,R408,541330,True,project_program_support,PSC_MATCH|KEYWORD_MATCH|MULTI_SIGNAL|MULTI_CATEGORY_MATCH|POTENTIAL_INTEGRATED_SERVICE|BASELINE_INCLUDE,engineering services|management support|program management|program management support,,,,,,,,
FA701424F0385,"THE F-35 JOINT PROGRAM OFFICE MUST CONTINUE TO EXECUTE ITS FINANCIAL MANAGEMENT, AUDITING, PROJECT MANAGEMENT, AND COSTING REQUIREMENTS ACROSS A BROAD SPECTRUM OF CONGRESSIONAL, DOD), U.S. SERVICES, AND INTERNATIONAL PARTNERS REGULATORY REQUIREMENTS.",R499,541611,True,project_program_support,PSC_BROAD_MATCH|NAICS_MATCH|MULTI_SIGNAL|MULTI_CATEGORY_MATCH|POTENTIAL_INTEGRATED_SERVICE|BASELINE_INCLUDE,,,,,,,,,
H9240024F0109,COLOMBIA CVE 24-42,R499,541611,True,project_program_support,PSC_BROAD_MATCH|NAICS_MATCH|MULTI_SIGNAL|MULTI_CATEGORY_MATCH|POTENTIAL_INTEGRATED_SERVICE|BASELINE_INCLUDE,,,,,,,,,
NS22,"PMW 170 PROGRAM MANAGEMENT, COST MODELING, CONTRACT MANAGEMENT AND ACQ SUPPORT",R408,541330,True,project_program_support,PSC_MATCH|KEYWORD_MATCH|MULTI_SIGNAL|MULTI_CATEGORY_MATCH|POTENTIAL_INTEGRATED_SERVICE|BASELINE_INCLUDE,engineering services|management support|modeling|program management|program management support,,,,,,,,
HQ014716C0030,IGF::OT::IGF WARFIGHTER SUPPORT. DDW LABOR,R408,541330,True,project_program_support,PSC_MATCH|KEYWORD_MATCH|MULTI_SIGNAL|MULTI_CATEGORY_MATCH|POTENTIAL_INTEGRATED_SERVICE|BASELINE_INCLUDE,engineering services|management support|program management|program management support,,,,,,,,
H9240023F0106,PEOS 23-69,R499,541611,True,project_program_support,PSC_BROAD_MATCH|NAICS_MATCH|MULTI_SIGNAL|MULTI_CATEGORY_MATCH|POTENTIAL_INTEGRATED_SERVICE|BASELINE_INCLUDE,,,,,,,,,
H9240021F0038,NC SUPPORT JSOC 21-25,R499,541611,True,project_program_support,PSC_BROAD_MATCH|NAICS_MATCH|MULTI_SIGNAL|MULTI_CATEGORY_MATCH|POTENTIAL_INTEGRATED_SERVICE|BASELINE_INCLUDE,,,,,,,,,
N0003920F3016,THE OBJECTIVE OF THIS EFFORT IS TO PROVIDE PROFESSIONAL SUPPORT SERVICES (PSS) UNIQUE TO THE PMW 160 PROGRAM OFFICE.,R408,541330,True,project_program_support,PSC_MATCH|KEYWORD_MATCH|MULTI_SIGNAL|MULTI_CATEGORY_MATCH|POTENTIAL_INTEGRATED_SERVICE|BASELINE_INCLUDE,engineering services|management support|program management|program management support|support services,,,,,,,,
70CDCR19FR0000077,INTENSIVE SUPERVISION APPEARANCE PROGRAM (ISAP III) FOR ALTERNATIVES TO DETENTION,R408,561210,True,project_program_support,PSC_MATCH|KEYWORD_MATCH|MULTI_SIGNAL|MULTI_CATEGORY_MATCH|POTENTIAL_INTEGRATED_SERVICE|BASELINE_INCLUDE,management support|program management|program management support|support services,0,,,,,,,
H9240022F0086,"JSOU PTES, PARTIAL 4TH QTR FY22",R499,541611,True,project_program_support,PSC_BROAD_MATCH|NAICS_MATCH|MULTI_SIGNAL|MULTI_CATEGORY_MATCH|POTENTIAL_INTEGRATED_SERVICE|BASELINE_INCLUDE,,,,,,,,,
H9240023F0058,IECBTS 23A,R499,541611,True,project_program_support,PSC_BROAD_MATCH|NAICS_MATCH|MULTI_SIGNAL|MULTI_CATEGORY_MATCH|POTENTIAL_INTEGRATED_SERVICE|BASELINE_INCLUDE,,,,,,,,,
H9225724F0063,SR MITC 24-1,U099,541611,True,project_program_support,NAICS_MATCH|MULTI_CATEGORY_MATCH|POTENTIAL_INTEGRATED_SERVICE|BASELINE_INCLUDE,education|training,,,,,,,,
19AQMM21F7035,"EXPERTISE AND SKILLED RESOURCES IN COLLABORATIVE SUPPORT OF BOTH STRATEGIC BUREAU-WIDE INITIATIVES AND DIRECTORATE-SPECIFIC REQUIREMENTS, WITH AN EMPHASIS ON IDENTIFYING, ANALYZING, AMPLIFYING AND OFFERING OTHER SERVICES.",R408,541611,True,project_program_support,PSC_MATCH|NAICS_MATCH|KEYWORD_MATCH|MULTI_SIGNAL|MULTI_CATEGORY_MATCH|POTENTIAL_INTEGRATED_SERVICE|BASELINE_INCLUDE,management support|program management|program management support,,,,,,,,
H9240024F0082,FFP - LABOR- BLC 004-24 (LONG),R499,541611,True,project_program_support,PSC_BROAD_MATCH|NAICS_MATCH|MULTI_SIGNAL|MULTI_CATEGORY_MATCH|POTENTIAL_INTEGRATED_SERVICE|BASELINE_INCLUDE,,,,,,,,,
H9225723F0112,ISWG 24 LABOR,R499,541611,True,project_program_support,PSC_BROAD_MATCH|NAICS_MATCH|MULTI_SIGNAL|MULTI_CATEGORY_MATCH|POTENTIAL_INTEGRATED_SERVICE|BASELINE_INCLUDE,,,,,,,,,
M9549423F0019,MARINE CORPS INSTALLATIONS COMMAND (MCICOM) PROFESSIONAL SERVICES,R408,541330,True,project_program_support,PSC_MATCH|KEYWORD_MATCH|MULTI_SIGNAL|MULTI_CATEGORY_MATCH|POTENTIAL_INTEGRATED_SERVICE|BASELINE_INCLUDE,engineering services|management support|professional services|program management|program management support,,,,,,,,
HT001119F0014,"LABOR PHARMACY OPERATION QUALITY AND COST-APPROPRIATE ANALYTICAL, TECHNICAL, AND PROGRAM MANAGEMENT SERVICES",R408,541611,True,project_program_support,PSC_MATCH|NAICS_MATCH|KEYWORD_MATCH|MULTI_SIGNAL|MULTI_CATEGORY_MATCH|POTENTIAL_INTEGRATED_SERVICE|BASELINE_INCLUDE,management support|program management|program management support,,,,,,,,
H9240024F0166,24-72 UZB SACC,R499,541611,True,project_program_support,PSC_BROAD_MATCH|NAICS_MATCH|MULTI_SIGNAL|MULTI_CATEGORY_MATCH|POTENTIAL_INTEGRATED_SERVICE|BASELINE_INCLUDE,,,,,,,,,
H9240021F0129,MONGOLIA SOF 21-93,R499,541611,True,project_program_support,PSC_BROAD_MATCH|NAICS_MATCH|MULTI_SIGNAL|MULTI_CATEGORY_MATCH|POTENTIAL_INTEGRATED_SERVICE|BASELINE_INCLUDE,,,,,,,,,
N0042120F0806,PMA280 CSS SUPPORT,R408,541330,True,project_program_support,PSC_MATCH|KEYWORD_MATCH|MULTI_SIGNAL|MULTI_CATEGORY_MATCH|POTENTIAL_INTEGRATED_SERVICE|BASELINE_INCLUDE,engineering services|management support|program management|program management support,,,,,,,,
73351020F0095,FINANCIAL ADMINISTRATIVE SUPPORT SERVICES,R699,541611,True,project_program_support,NAICS_MATCH|MULTI_CATEGORY_MATCH|POTENTIAL_INTEGRATED_SERVICE|BASELINE_INCLUDE,administrative support|support services,,,,,,,,
AIDGHSI110700003,"TO NEGOTIATE AND AWARD A TASK ORDER TO SUPPORT FOR THE DEVELOPMENT, IMPLEMENTATION, MANAGEMENT, AND EVALUATION OF AN INTEGRATED HEALTH SYSTEMS STRENGTHENING PROGRAM AIMED AT INCREASING USE OF PUBLIC HEALTH INTERVENTIONS IN THE INTERLINKED AREAS OF HIV/AIDS, FAMILY PLANNING, MALARIA, MATERNAL NEONATAL AND CHILD HEALTH, AND NUTRITIONTAS::19 1031::TAS",R421,541618,True,project_program_support,NAICS_MATCH|KEYWORD_MATCH|MULTI_SIGNAL|MULTI_CATEGORY_MATCH|POTENTIAL_INTEGRATED_SERVICE|BASELINE_INCLUDE,health|task order|technical assistance,,,,,,,,
H9225724F0039,MASC 24-1,R499,541611,True,project_program_support,PSC_BROAD_MATCH|NAICS_MATCH|MULTI_SIGNAL|MULTI_CATEGORY_MATCH|POTENTIAL_INTEGRATED_SERVICE|BASELINE_INCLUDE,,,,,,,,,
NNM14AA02T,IGF::OT::IGF TASK ORDER(TO)TO PROVIDE THE MARSHALL INTEGRATED PROGRAM SUPPORT SERVICES (MIPSS) PROGRAMMATIC SUBJECT MATTER EXPERTS(SME) SERVICES AT MARSHAL SPACE FLIGHT CENTER,R499,541330,True,project_program_support,PSC_BROAD_MATCH|KEYWORD_MATCH|MULTI_SIGNAL|MULTI_CATEGORY_MATCH|POTENTIAL_INTEGRATED_SERVICE|BASELINE_INCLUDE,engineering services|program support|support services|task order,,,,,,,,
H9225721F0039,1ST INVOICE,R408,541990,True,project_program_support,PSC_MATCH|KEYWORD_MATCH|MULTI_SIGNAL|MULTI_CATEGORY_MATCH|POTENTIAL_INTEGRATED_SERVICE|BASELINE_INCLUDE,management support|program management|program management support|technical services,0,,,,,,,
IND15PD00186,IGF::OT::IGF MISSION COMMAND TRAINING SUPPORT PROGRAM (MCTSP) TRAINING SERVICES,R499,541611,True,project_program_support,PSC_BROAD_MATCH|NAICS_MATCH|MULTI_SIGNAL|MULTI_CATEGORY_MATCH|POTENTIAL_INTEGRATED_SERVICE|BASELINE_INCLUDE,training,,,,,,,,
HHSM500201600008U,"IGF::OT::IGF PORTFOLIO MANAGEMENT, PROGRAM MANAGEMENT, AND PROJECT MANAGEMENT",R408,541512,True,project_program_support,PSC_MATCH|KEYWORD_MATCH|MULTI_SIGNAL|MULTI_CATEGORY_MATCH|POTENTIAL_INTEGRATED_SERVICE|BASELINE_INCLUDE,management support|program management|program management support,,,,,,,,
47QFCA19F0033,IGF::OT::IGF TASK ORDER AWARD FOR ARCYBER CYBERSPACE OPS REQUIREMENT,R499,541330,True,project_program_support,PSC_BROAD_MATCH|KEYWORD_MATCH|MULTI_SIGNAL|MULTI_CATEGORY_MATCH|POTENTIAL_INTEGRATED_SERVICE|BASELINE_INCLUDE,engineering services|task order,,,,,,,,
H9224022F0113,SERVICES- CAREER TRANISTION SEMINAR,R499,611430,True,event_hosting,PSC_BROAD_MATCH|KEYWORD_MATCH|MULTI_SIGNAL|MULTI_CATEGORY_MATCH|POTENTIAL_INTEGRATED_SERVICE|BASELINE_INCLUDE,seminar|training,,,,,,,,
H9240023F0043,FFP - LABOR JK23044 (LONG&SHORT),R499,541611,True,project_program_support,PSC_BROAD_MATCH|NAICS_MATCH|MULTI_SIGNAL|MULTI_CATEGORY_MATCH|POTENTIAL_INTEGRATED_SERVICE|BASELINE_INCLUDE,,0,,,,,,,
H9240024F0054,SOF SC COURSE BOGOTA COLOMBIA 24-21,R499,541611,True,project_program_support,PSC_BROAD_MATCH|NAICS_MATCH|MULTI_SIGNAL|MULTI_CATEGORY_MATCH|POTENTIAL_INTEGRATED_SERVICE|BASELINE_INCLUDE,,,,,,,,,
0005,IGF::OT::IGF SOFLVL I COURSE SUPPORT,R499,541611,True,project_program_support,PSC_BROAD_MATCH|NAICS_MATCH|MULTI_SIGNAL|MULTI_CATEGORY_MATCH|POTENTIAL_INTEGRATED_SERVICE|BASELINE_INCLUDE,,,,,,,,,
47QFCA24F0032,ICON TASK ORDER AWARD,R499,541512,True,project_program_support,PSC_BROAD_MATCH|KEYWORD_MATCH|MULTI_SIGNAL|MULTI_CATEGORY_MATCH|POTENTIAL_INTEGRATED_SERVICE|BASELINE_INCLUDE,task order,,,,,,,,
N0018916CZ072,IGF::OT::IGF DECLASSIFICATION SUPPORT,R499,541611,True,project_program_support,PSC_BROAD_MATCH|NAICS_MATCH|MULTI_SIGNAL|MULTI_CATEGORY_MATCH|POTENTIAL_INTEGRATED_SERVICE|BASELINE_INCLUDE,,,,,,,,,
H9240020F0079,AFGHANISTAN RESEARCH SUPPORT 20-76,R499,541611,True,project_program_support,PSC_BROAD_MATCH|NAICS_MATCH|MULTI_SIGNAL|MULTI_CATEGORY_MATCH|POTENTIAL_INTEGRATED_SERVICE|BASELINE_INCLUDE,,,,,,,,,
H9223923F0093,BATTLE FIELD,R499,541611,True,project_program_support,PSC_BROAD_MATCH|NAICS_MATCH|MULTI_SIGNAL|MULTI_CATEGORY_MATCH|POTENTIAL_INTEGRATED_SERVICE|BASELINE_INCLUDE,,,,,,,,,
SS001560057,IGF::CT::IGF - COMBINED RECOMPETE OF SS00-10-60103 FOR BENEFICIARY ACCESS&SUPPORT SERVICES (BASS) AND SS00-10-60102 FOR OPERATIONS SUPPORT MANAGER (OSM) FOR OPERATIONAL SUPPORT OF THE TICKET TO WORK PROGRAM.,R408,541611,True,project_program_support,PSC_MATCH|NAICS_MATCH|KEYWORD_MATCH|MULTI_SIGNAL|MULTI_CATEGORY_MATCH|POTENTIAL_INTEGRATED_SERVICE|BASELINE_INCLUDE,management support|program management|program management support|program support|support services,,,,,,,,
H9240021F0058,MARSOC LREC FY21 SUPPORT,R499,541611,True,project_program_support,PSC_BROAD_MATCH|NAICS_MATCH|MULTI_SIGNAL|MULTI_CATEGORY_MATCH|POTENTIAL_INTEGRATED_SERVICE|BASELINE_INCLUDE,,,,,,,,,
H9240021F0115,5 SFG DESIGN COURSE 21-89,R499,541611,True,project_program_support,PSC_BROAD_MATCH|NAICS_MATCH|MULTI_SIGNAL|MULTI_CATEGORY_MATCH|POTENTIAL_INTEGRATED_SERVICE|BASELINE_INCLUDE,,,,,,,,,
H9224121F0104,FUNDING FOR YEAR 5,R408,336413,True,project_program_support,PSC_MATCH|KEYWORD_MATCH|MULTI_SIGNAL|MULTI_CATEGORY_MATCH|POTENTIAL_INTEGRATED_SERVICE|BASELINE_INCLUDE,management support|program management|program management support,,,,,,,,
H9240023F0140,MC23237 ASE SPANISH INSTRUCTOR,R499,541611,True,project_program_support,PSC_BROAD_MATCH|NAICS_MATCH|MULTI_SIGNAL|MULTI_CATEGORY_MATCH|POTENTIAL_INTEGRATED_SERVICE|BASELINE_INCLUDE,,,,,,,,,
H9240021F0003,CHAPLAIN SUPPORT FY21,R499,541611,True,project_program_support,PSC_BROAD_MATCH|NAICS_MATCH|MULTI_SIGNAL|MULTI_CATEGORY_MATCH|POTENTIAL_INTEGRATED_SERVICE|BASELINE_INCLUDE,,0,,,,,,,
SAQMMA16F2564,GSS VISA SERVICES FOR ANDEAN SOUTH AMERICA. IGF::CT::IGF,R408,541513,True,project_program_support,PSC_MATCH|KEYWORD_MATCH|MULTI_SIGNAL|MULTI_CATEGORY_MATCH|POTENTIAL_INTEGRATED_SERVICE|BASELINE_INCLUDE,management support|program management|program management support,,,,,,,,
H9240022F0007,EO14042 - F/NWMMP PHASE IV,R499,541611,True,project_program_support,PSC_BROAD_MATCH|NAICS_MATCH|MULTI_SIGNAL|MULTI_CATEGORY_MATCH|POTENTIAL_INTEGRATED_SERVICE|BASELINE_INCLUDE,,,,,,,,,
0011,IGF::OT::IGF RVN SCRIPTWRITER SUPPORT,R499,541611,True,project_program_support,PSC_BROAD_MATCH|NAICS_MATCH|MULTI_SIGNAL|MULTI_CATEGORY_MATCH|POTENTIAL_INTEGRATED_SERVICE|BASELINE_INCLUDE,,,,,,,,,
H9240021F0079,GEORGIA DESIGN 21-44,R499,541611,True,project_program_support,PSC_BROAD_MATCH|NAICS_MATCH|MULTI_SIGNAL|MULTI_CATEGORY_MATCH|POTENTIAL_INTEGRATED_SERVICE|BASELINE_INCLUDE,,,,,,,,,
72061521C00003,USAID SUPPLY CHAIN STRENGTHENING,R408,541990,True,project_program_support,PSC_MATCH|KEYWORD_MATCH|MULTI_SIGNAL|MULTI_CATEGORY_MATCH|POTENTIAL_INTEGRATED_SERVICE|BASELINE_INCLUDE,management support|program management|program management support|technical services,,,,,,,,
HQ003416C0035,IGF::OT::IGF,R499,541611,True,project_program_support,PSC_BROAD_MATCH|NAICS_MATCH|MULTI_SIGNAL|MULTI_CATEGORY_MATCH|POTENTIAL_INTEGRATED_SERVICE|BASELINE_INCLUDE,,,,,,,,,
N0003921F3011,"ACQUISITION AND PROGRAM MANAGEMENT, CONFIGURATION AND DATA MANAGEMENT, ENGINEERING, TEST AND EVALUATION, LOGISTICS, CYBERSECURITY/INFORMATION ASSURANCE, CONTRACT SUPPORT, THIRD PARTY SALES (3PS) SUPPORT, RISK AND OPPORTUNITY MANAGEMENT SUPPORT SVCS.",R408,541330,True,project_program_support,PSC_MATCH|KEYWORD_MATCH|MULTI_SIGNAL|MULTI_CATEGORY_MATCH|POTENTIAL_INTEGRATED_SERVICE|BASELINE_INCLUDE,contract support|engineering services|management support|program management|program management support,,,,,,,,
H9240019F0167,SOMALIA - 19-119,R499,541611,True,project_program_support,PSC_BROAD_MATCH|NAICS_MATCH|MULTI_SIGNAL|MULTI_CATEGORY_MATCH|POTENTIAL_INTEGRATED_SERVICE|BASELINE_INCLUDE,,,,,,,,,
H9223922F0097,ROLE PLAYERS FOR SAGE EAGLE EXERCISE,R499,541611,True,project_program_support,PSC_BROAD_MATCH|NAICS_MATCH|MULTI_SIGNAL|MULTI_CATEGORY_MATCH|POTENTIAL_INTEGRATED_SERVICE|BASELINE_INCLUDE,,,,,,,,,
AIDDOTI010300004,"PROFESSIONAL, ADMINISTRATIVE AND SUPPORT SERVICES. TASK ORDER FOR OTI/IRAQ SWIFT II",R421,541611,True,project_program_support,NAICS_MATCH|KEYWORD_MATCH|MULTI_SIGNAL|MULTI_CATEGORY_MATCH|POTENTIAL_INTEGRATED_SERVICE|BASELINE_INCLUDE,support services|task order|technical assistance,,,,,,,,
H9240022F0038,GERMANY SCETWG 22-39,R499,541611,True,project_program_support,PSC_BROAD_MATCH|NAICS_MATCH|MULTI_SIGNAL|MULTI_CATEGORY_MATCH|POTENTIAL_INTEGRATED_SERVICE|BASELINE_INCLUDE,,,,,,,,,
H9240024F0135,"24-61 SOCBT 25A MAFB, FL",R499,541611,True,project_program_support,PSC_BROAD_MATCH|NAICS_MATCH|MULTI_SIGNAL|MULTI_CATEGORY_MATCH|POTENTIAL_INTEGRATED_SERVICE|BASELINE_INCLUDE,,,,,,,,,
70B03C23F00000456,"CBP IDENTITY VERIFICATION, SCREENING AND ACCESS MANAGEMENT SERVICES",R408,541513,True,project_program_support,PSC_MATCH|KEYWORD_MATCH|MULTI_SIGNAL|MULTI_CATEGORY_MATCH|POTENTIAL_INTEGRATED_SERVICE|BASELINE_INCLUDE,management support|program management|program management support,,,,,,,,
N0042121F0373,BASE PERIOD LABOR - OCF,R408,541330,True,project_program_support,PSC_MATCH|KEYWORD_MATCH|MULTI_SIGNAL|MULTI_CATEGORY_MATCH|POTENTIAL_INTEGRATED_SERVICE|BASELINE_INCLUDE,engineering services|management support|program management|program management support,0,,,,,,,
H9224123F0078,"PROVIDE INITIAL FUNDING FOR PROGRAM MANAGEMENT, DEPOT LEVEL REPAIRS AND 3RD PARTY REPAIRS. PAVELCHAK,L TECHNOLOGY APPLICATIONS CONTRACTING OFFICE",R408,336413,True,project_program_support,PSC_MATCH|KEYWORD_MATCH|MULTI_SIGNAL|MULTI_CATEGORY_MATCH|POTENTIAL_INTEGRATED_SERVICE|BASELINE_INCLUDE,management support|program management|program management support,,,,,,,,
H9240022F0046,TAKO CONTRACT SPECIALIST,R499,541611,True,project_program_support,PSC_BROAD_MATCH|NAICS_MATCH|MULTI_SIGNAL|MULTI_CATEGORY_MATCH|POTENTIAL_INTEGRATED_SERVICE|BASELINE_INCLUDE,,,,,,,,,
FA701424F0097,PKS-HILL- AIR FORCE STRATEGIC TRANSFORMATION SUPPORT (AFSTS) - FA701424STS26 - DTSS RECOMPETE TASK ORDER AWARD.,R499,541611,True,project_program_support,PSC_BROAD_MATCH|NAICS_MATCH|KEYWORD_MATCH|MULTI_SIGNAL|MULTI_CATEGORY_MATCH|POTENTIAL_INTEGRATED_SERVICE|BASELINE_INCLUDE,task order,,,,,,,,
HSBP1014C00020,IGF::CL::IGF THE PURPOSE OF THIS CONTRACT IS TO OBTAIN CONTRACT SUPPORT SERVICES.,R408,541611,True,project_program_support,PSC_MATCH|NAICS_MATCH|KEYWORD_MATCH|MULTI_SIGNAL|MULTI_CATEGORY_MATCH|POTENTIAL_INTEGRATED_SERVICE|BASELINE_INCLUDE,contract support|management support|program management|program management support|support services,,,,,,,,
0011,ADVANCED SCIENCE AND TECHNOLOGY DIRECTORATE PROGRAMMATIC SUPPORT,R408,541330,True,project_program_support,PSC_MATCH|KEYWORD_MATCH|MULTI_SIGNAL|MULTI_CATEGORY_MATCH|POTENTIAL_INTEGRATED_SERVICE|BASELINE_INCLUDE,engineering services|management support|program management|program management support,0,,,,,,,
H9240022F0056,USAFSOS SUPPORT 22-50,R499,541611,True,project_program_support,PSC_BROAD_MATCH|NAICS_MATCH|MULTI_SIGNAL|MULTI_CATEGORY_MATCH|POTENTIAL_INTEGRATED_SERVICE|BASELINE_INCLUDE,,,,,,,,,
H9225721F0016,S3 ELEMENT LEADERS CALIBRATION,U001,541611,True,project_program_support,NAICS_MATCH|MULTI_CATEGORY_MATCH|POTENTIAL_INTEGRATED_SERVICE|BASELINE_INCLUDE,education|training,,,,,,,,
H9223924F0051,EVENT PLANNING SERVICES,R799,561920,True,event_hosting,NAICS_MATCH|KEYWORD_MATCH|MULTI_SIGNAL|BASELINE_INCLUDE,event planning,,,,,,,,
NNA15BB15C,IGF::OT::IGF NASA AMES RESEARCH CENTER'S ENTRY SYSTEMS TECHNOLOGY RESEARCH AND DEVELOPMENT (ESTRAD) CONTRACT WILL PROVIDE ENGINEERING SUPPORT FOR THE DEVELOPMENT OF TECHNOLOGIES FOR USE IN THE DESIGN AND FABRICATION OF VEHICLES THAT TRAVEL AT HYPERVELOCITIES IN THE ATMOSPHERE OF EARTH AND OTHER BODIES IN THE SOLAR SYSTEM IN SUPPORT OF THE ENTRY SYSTEMS AND TECHNOLOGY DIVISION (CODE TS) AT ARC.,AR11,541712,True,prototyping,STRONG_PROTOTYPE_KEYWORD_MATCH|VERY_STRONG_PROTOTYPE_KEYWORD_MATCH|KEYWORD_MATCH|MULTI_CATEGORY_MATCH|POTENTIAL_INTEGRATED_SERVICE|BASELINE_INCLUDE,engineering support|fabrication,1,,,,,,,
H9240024F0045,COLOMBIA IW SEMINAR 24-16,R499,541611,True,project_program_support,PSC_BROAD_MATCH|NAICS_MATCH|MULTI_SIGNAL|MULTI_CATEGORY_MATCH|POTENTIAL_INTEGRATED_SERVICE|BASELINE_INCLUDE,seminar,,,,,,,,
DU100G14C04,SINGLE FAMILY MASTER SUBSERVICER IGF::OT::IGF,R408,523110,True,project_program_support,PSC_MATCH|KEYWORD_MATCH|MULTI_SIGNAL|MULTI_CATEGORY_MATCH|POTENTIAL_INTEGRATED_SERVICE|BASELINE_INCLUDE,management support|program management|program management support,,,,,,,,
FA945122C0002,"THE OVERARCHING OBJECTIVE OF MJOLNIR IS TO DEVELOP, TEST AND DEMONSTRATE A MATURE PROTOTYPE BASED ON THE FIRST GENERATION TECHNOLOGY DEMONSTRATOR, HIGH-POWER MICROWAVE (HPM) COUNTER UNMANNED AERIAL SYSTEM (CUAS) PLATFORM.",AC13,541715,True,prototyping,NAICS_BROAD_MATCH|KEYWORD_MATCH|MULTI_SIGNAL|MULTI_CATEGORY_MATCH|POTENTIAL_INTEGRATED_SERVICE|BASELINE_INCLUDE,demonstrator,,,,,,,,
H9223923F0098,ROLE PLAYER SUPPORT,R499,541611,True,project_program_support,PSC_BROAD_MATCH|NAICS_MATCH|MULTI_SIGNAL|MULTI_CATEGORY_MATCH|POTENTIAL_INTEGRATED_SERVICE|BASELINE_INCLUDE,,,,,,,,,
H9240021F0125,RDO SUPPORT 21-88,R499,541611,True,project_program_support,PSC_BROAD_MATCH|NAICS_MATCH|MULTI_SIGNAL|MULTI_CATEGORY_MATCH|POTENTIAL_INTEGRATED_SERVICE|BASELINE_INCLUDE,,,,,,,,,
HT001120C0017,PROVIDE ADMINISTRATIVE SUPPORT FOR FINANCIAL OPERATIONS BUDGET DATA MODELING OPTIMIZATION AND GENERAL FUND ENTERPRISE BUSINESS SYSTEM (GFEBS) GLOBAL TECHNICAL SUPPORT.,R703,541611,True,project_program_support,NAICS_MATCH|MULTI_CATEGORY_MATCH|POTENTIAL_INTEGRATED_SERVICE|BASELINE_INCLUDE,administrative support|modeling,0,,,,,,,
H9240022F0039,LABOR HQ - J2 JICSOC PAS SCA ANALYTICAL,R499,541611,True,project_program_support,PSC_BROAD_MATCH|NAICS_MATCH|MULTI_SIGNAL|MULTI_CATEGORY_MATCH|POTENTIAL_INTEGRATED_SERVICE|BASELINE_INCLUDE,,,,,,,,,
H9225724F0093,MTSCC 24-3,R499,541611,True,project_program_support,PSC_BROAD_MATCH|NAICS_MATCH|MULTI_SIGNAL|MULTI_CATEGORY_MATCH|POTENTIAL_INTEGRATED_SERVICE|BASELINE_INCLUDE,,,,,,,,,
89303723FEM400293,THIS AWARD IS FOR THE SAVANNAH RIVER INTEGRATED MISSION COMPLETION CONTRACT - TASK ORDER 7 (TANK AND ANCILLARY FACILITIES CLOSURE).,R499,562910,True,project_program_support,PSC_BROAD_MATCH|KEYWORD_MATCH|MULTI_SIGNAL|MULTI_CATEGORY_MATCH|POTENTIAL_INTEGRATED_SERVICE|BASELINE_INCLUDE,task order,,,,,,,,
W15QKN17F0012,IGF::OT::IGF THE INTEGRATED MANAGEMENT SUPPORT SERVICES (TIMSS),R408,541512,True,project_program_support,PSC_MATCH|KEYWORD_MATCH|MULTI_SIGNAL|MULTI_CATEGORY_MATCH|POTENTIAL_INTEGRATED_SERVICE|BASELINE_INCLUDE,management support|program management|program management support|support services,,,,,,,,
H9240021F0043,COMMAND DATA OFFICE (CDO) EXECUTIVE ADMINISTRATIVE ASSISTANT (EA),R499,541611,True,project_program_support,PSC_BROAD_MATCH|NAICS_MATCH|MULTI_SIGNAL|MULTI_CATEGORY_MATCH|POTENTIAL_INTEGRATED_SERVICE|BASELINE_INCLUDE,,,,,,,,,
FA810722F9005,B-52 CERP COMMERCIAL ENGINE REPLACEMENT PROGRAM (CERP) ENGINE CONTRACT,R408,336411,True,project_program_support,PSC_MATCH|KEYWORD_MATCH|MULTI_SIGNAL|MULTI_CATEGORY_MATCH|POTENTIAL_INTEGRATED_SERVICE|BASELINE_INCLUDE,contract support|management support|program management|program management support,,,,,,,,
H9240021F0048,RDFP CVE 21-27,R499,541611,True,project_program_support,PSC_BROAD_MATCH|NAICS_MATCH|MULTI_SIGNAL|MULTI_CATEGORY_MATCH|POTENTIAL_INTEGRATED_SERVICE|BASELINE_INCLUDE,,,,,,,,,
75FCMC21F0064,MEDICARE SHARED SAVINGS PROGRAM ACCOUNTABLE CARE ORGANIZATION (ACO) PROGRAM ANALYSIS AND OPERATIONAL SUPPORT,R499,541611,True,project_program_support,PSC_BROAD_MATCH|NAICS_MATCH|MULTI_SIGNAL|MULTI_CATEGORY_MATCH|POTENTIAL_INTEGRATED_SERVICE|BASELINE_INCLUDE,,,,,,,,,
H9240020F0262,POI SO20231_SO20245_SO20246_SO20247_ SO20253,R499,541611,True,project_program_support,PSC_BROAD_MATCH|NAICS_MATCH|MULTI_SIGNAL|MULTI_CATEGORY_MATCH|POTENTIAL_INTEGRATED_SERVICE|BASELINE_INCLUDE,,,,,,,,,
SAQMMA12F4691,AWARD OF THE BUREAU OF CONSULAR AFFAIRS GLOBAL SUPPORT STRATEGY FOR VISA SERVICES - CHINA,R408,541513,True,project_program_support,PSC_MATCH|KEYWORD_MATCH|MULTI_SIGNAL|MULTI_CATEGORY_MATCH|POTENTIAL_INTEGRATED_SERVICE|BASELINE_INCLUDE,management support|program management|program management support,,,,,,,,
FA861522F0004,FY22-25 BASELINE FLIGHT TEST SUPPORT,R408,541330,True,project_program_support,PSC_MATCH|KEYWORD_MATCH|MULTI_SIGNAL|MULTI_CATEGORY_MATCH|POTENTIAL_INTEGRATED_SERVICE|BASELINE_INCLUDE,engineering services|management support|program management|program management support,,,,,,,,
HS002114C0002,"IGF::CL,CT::IGF ADMINISTRATION AND TECHNICAL SUPPORT SERVICES FOR THE DEFENSE SECURITY SERVICE.",R699,541611,True,project_program_support,NAICS_MATCH|MULTI_CATEGORY_MATCH|POTENTIAL_INTEGRATED_SERVICE|BASELINE_INCLUDE,support services,,,,,,,,
SAQMMA13F3650,IGF::CT::IGF. OPERATIONS AND MAINTENANCE - PROGRAM MANAGEMENT,R408,561210,True,project_program_support,PSC_MATCH|KEYWORD_MATCH|MULTI_SIGNAL|MULTI_CATEGORY_MATCH|POTENTIAL_INTEGRATED_SERVICE|BASELINE_INCLUDE,management support|program management|program management support|support services,,,,,,,,
M6785420F3013,PROGRAM MANAGEMENT SUPPORT SERVICES FOR PM COMMUNICATIONS SYSTEMS,R408,541330,True,project_program_support,PSC_MATCH|KEYWORD_MATCH|MULTI_SIGNAL|MULTI_CATEGORY_MATCH|POTENTIAL_INTEGRATED_SERVICE|BASELINE_INCLUDE,engineering services|management support|program management|program management support|support services,,,,,,,,
HQ003418F0154,IGF::OT:IGF OPERATIONS SUPPORT SERVICES FOR THE STRATEGIC CAPABILITIES OFFICE.,R408,541219,True,project_program_support,PSC_MATCH|KEYWORD_MATCH|MULTI_SIGNAL|MULTI_CATEGORY_MATCH|POTENTIAL_INTEGRATED_SERVICE|BASELINE_INCLUDE,management support|program management|program management support|support services,,,,,,,,
W81XWH18F0336,STRATEGIC SUPPORT SERVICES IN SUPPORT OF THE DEPUTY FOR ACQUISITION (DFA) FOR THE U.S. ARMY MEDICAL MATERIEL AGENCY (USAMMA).,R408,541611,True,project_program_support,PSC_MATCH|NAICS_MATCH|KEYWORD_MATCH|MULTI_SIGNAL|MULTI_CATEGORY_MATCH|POTENTIAL_INTEGRATED_SERVICE|BASELINE_INCLUDE,management support|program management|program management support|support services,,,,,,,,
H9240022F0112,GEORGIA IMCC 22-25,R499,541611,True,project_program_support,PSC_BROAD_MATCH|NAICS_MATCH|MULTI_SIGNAL|MULTI_CATEGORY_MATCH|POTENTIAL_INTEGRATED_SERVICE|BASELINE_INCLUDE,,,,,,,,,
0004,BASE AWARD,R408,541330,True,project_program_support,PSC_MATCH|KEYWORD_MATCH|MULTI_SIGNAL|MULTI_CATEGORY_MATCH|POTENTIAL_INTEGRATED_SERVICE|BASELINE_INCLUDE,engineering services|management support|program management|program management support,,,,,,,,
H9240024F0097,JORDAN CJAFIC 24-35,R499,541611,True,project_program_support,PSC_BROAD_MATCH|NAICS_MATCH|MULTI_SIGNAL|MULTI_CATEGORY_MATCH|POTENTIAL_INTEGRATED_SERVICE|BASELINE_INCLUDE,,,,,,,,,
FA002120F0004,AFSOC AIRCREW INSTRUCTION SUPPORT SERVICES - A&AS,R408,541330,True,project_program_support,PSC_MATCH|KEYWORD_MATCH|MULTI_SIGNAL|MULTI_CATEGORY_MATCH|POTENTIAL_INTEGRATED_SERVICE|BASELINE_INCLUDE,engineering services|management support|program management|program management support|support services,,,,,,,,
H9225718F0143,SWMS GROUP B,U099,541611,True,project_program_support,NAICS_MATCH|MULTI_CATEGORY_MATCH|POTENTIAL_INTEGRATED_SERVICE|BASELINE_INCLUDE,education|training,,,,,,,,
HHSP233201000303G,TAS::75 1536::TAS OFFICE OF HEAD START NATIONAL MONITORING SYSTEM EXPANSION SUPPORT,R706,541611,True,project_program_support,NAICS_MATCH|MULTI_CATEGORY_MATCH|POTENTIAL_INTEGRATED_SERVICE|BASELINE_INCLUDE,logistics support,,,,,,,,
H9240024F0061,J2 IOM SME SUPPORT,R499,541611,True,project_program_support,PSC_BROAD_MATCH|NAICS_MATCH|MULTI_SIGNAL|MULTI_CATEGORY_MATCH|POTENTIAL_INTEGRATED_SERVICE|BASELINE_INCLUDE,,,,,,,,,
N0042118F0645,PM SUPPORT SERVICES,R408,541330,True,project_program_support,PSC_MATCH|KEYWORD_MATCH|MULTI_SIGNAL|MULTI_CATEGORY_MATCH|POTENTIAL_INTEGRATED_SERVICE|BASELINE_INCLUDE,engineering services|management support|program management|program management support|support services,,,,,,,,
FA255009C8000,OPERATIONS&MAINTAINENCE (O&M) SUPPORT,R408,541990,True,project_program_support,PSC_MATCH|KEYWORD_MATCH|MULTI_SIGNAL|MULTI_CATEGORY_MATCH|POTENTIAL_INTEGRATED_SERVICE|BASELINE_INCLUDE,management support|program management|program management support|technical services,,,,,,,,
HQ014718C0003,ISF::OT::IGF SPECIALTY ENGINEERING,R425,541715,True,engineering_design_support,NAICS_BROAD_MATCH|KEYWORD_MATCH|MULTI_SIGNAL|MULTI_CATEGORY_MATCH|POTENTIAL_INTEGRATED_SERVICE|BASELINE_INCLUDE,engineering support,,,,,,,,
80GSFC20F0023,PROGRAM ANALYSIS AND CONTROL,R408,541330,True,project_program_support,PSC_MATCH|KEYWORD_MATCH|MULTI_SIGNAL|MULTI_CATEGORY_MATCH|POTENTIAL_INTEGRATED_SERVICE|BASELINE_INCLUDE,engineering services|management support|program management|program management support,,,,,,,,
70B01C18F00000518,TECHNICAL AND OPERATIONAL PROFESSIONAL SUPPORT SERVICES,R408,541330,True,project_program_support,PSC_MATCH|KEYWORD_MATCH|MULTI_SIGNAL|MULTI_CATEGORY_MATCH|POTENTIAL_INTEGRATED_SERVICE|BASELINE_INCLUDE,engineering services|management support|program management|program management support|support services,,,,,,,,
AID688TO1600005,IGF::OT::IGF SELECTIVE INTEGRATED READING ACTIVITY,R408,611710,True,project_program_support,PSC_MATCH|KEYWORD_MATCH|MULTI_SIGNAL|MULTI_CATEGORY_MATCH|POTENTIAL_INTEGRATED_SERVICE|BASELINE_INCLUDE,management support|program management|program management support|support services,0,,,,,,,
W81XWH21C0086,"WOMEN, INFANTS, AND CHILDREN (WIC) OVERSEAS PROGRAM SUPPORT SERVICES IN SUPPORT OF THE DEFENSE HEALTH AGENCY (DHA), TRICARE OVERSEAS PROGRAM OFFICE",R408,541611,True,project_program_support,PSC_MATCH|NAICS_MATCH|KEYWORD_MATCH|MULTI_SIGNAL|MULTI_CATEGORY_MATCH|POTENTIAL_INTEGRATED_SERVICE|BASELINE_INCLUDE,health|management support|program management|program management support|program support|support services,,,,,,,,
H9224023F0044,NSW EXEC COACHING AND LEADRSHP DEV TRNG,U099,541618,True,project_program_support,NAICS_MATCH|MULTI_CATEGORY_MATCH|POTENTIAL_INTEGRATED_SERVICE|BASELINE_INCLUDE,education|training,,,,,,,,
H9240021F0036,PART TIME LABOR AND TRAVEL 21-23,R499,541611,True,project_program_support,PSC_BROAD_MATCH|NAICS_MATCH|MULTI_SIGNAL|MULTI_CATEGORY_MATCH|POTENTIAL_INTEGRATED_SERVICE|BASELINE_INCLUDE,,,,,,,,,
HT001114F0030,ECCM SUPPORT SERVICES IGF::CL::IGF,R408,541512,True,project_program_support,PSC_MATCH|KEYWORD_MATCH|MULTI_SIGNAL|MULTI_CATEGORY_MATCH|POTENTIAL_INTEGRATED_SERVICE|BASELINE_INCLUDE,management support|program management|program management support|support services,0,,,,,,,
HS002119F0004,"DEFENSE SECURITY SERVICE (DSS) INDUSTRIAL SECURITY FIELD OPERATIONS (IO), INDUSTRIAL SECURITY INTEGRATION&APPLICATION (ISIA) AND COUNTERINTELLIGENCE (CI)INDUSTRIAL SECURITY SUPPORT.",R499,541611,True,project_program_support,PSC_BROAD_MATCH|NAICS_MATCH|MULTI_SIGNAL|MULTI_CATEGORY_MATCH|POTENTIAL_INTEGRATED_SERVICE|BASELINE_INCLUDE,,,,,,,,,
FA701420F0204,PKS-TERRY-WARD-AF A1 DIGITAL TRANSFORMATION STS,R499,541611,True,project_program_support,PSC_BROAD_MATCH|NAICS_MATCH|MULTI_SIGNAL|MULTI_CATEGORY_MATCH|POTENTIAL_INTEGRATED_SERVICE|BASELINE_INCLUDE,,,,,,,,,
H9821018F0062,NATIONAL LANGUAGE SERVICE CORP SERVICES,R408,541330,True,project_program_support,PSC_MATCH|KEYWORD_MATCH|MULTI_SIGNAL|MULTI_CATEGORY_MATCH|POTENTIAL_INTEGRATED_SERVICE|BASELINE_INCLUDE,engineering services|management support|program management|program management support,,,,,,,,
47QFCA20F0028,"THE PURPOSE OF THIS EFFORT IS TO ACQUIRE CONTRACTOR SERVICES TO PROVIDE RESEARCH AND ANALYSIS, OUTREACH, AND PROGRAM MANAGEMENT, AS WELL AS OPERATIONS MANAGEMENT, TRAINING, LOGISTICS, AND SOLUTIONS MANAGEMENT.",R499,541330,True,project_program_support,PSC_BROAD_MATCH|KEYWORD_MATCH|MULTI_SIGNAL|MULTI_CATEGORY_MATCH|POTENTIAL_INTEGRATED_SERVICE|BASELINE_INCLUDE,engineering services|management support|program management|training,,,,,,,,
73351020F0175,LOAN PROCESSING ASSISTANCE,R499,541611,True,project_program_support,PSC_BROAD_MATCH|NAICS_MATCH|MULTI_SIGNAL|MULTI_CATEGORY_MATCH|POTENTIAL_INTEGRATED_SERVICE|BASELINE_INCLUDE,,0,,,,,,,
19AQMM24C0108,GLOBAL SUPPORT STRATEGY FOR OVERSEAS CONSULAR VISA OPERATIONS FOR GSS 1.0 MEXICO REGION,R408,541513,True,project_program_support,PSC_MATCH|KEYWORD_MATCH|MULTI_SIGNAL|MULTI_CATEGORY_MATCH|POTENTIAL_INTEGRATED_SERVICE|BASELINE_INCLUDE,management support|program management|program management support,,,,,,,,
H9224024F0016,PRO DEV COI / HR - ITC,U099,541618,True,project_program_support,NAICS_MATCH|MULTI_CATEGORY_MATCH|POTENTIAL_INTEGRATED_SERVICE|BASELINE_INCLUDE,education|training,,,,,,,,
HHSM500201500525G,IGF::OT::IGF HEALTH INSURANCE MARKETPLACE AND FINANCIAL MANAGEMENT OPERATIONAL ANALYTICS,R499,541611,True,project_program_support,PSC_BROAD_MATCH|NAICS_MATCH|MULTI_SIGNAL|MULTI_CATEGORY_MATCH|POTENTIAL_INTEGRATED_SERVICE|BASELINE_INCLUDE,health,,,,,,,,
FA850919F0002,PRECISION STRIKE PACKAGE CONTRACTOR LOGISTICS SUPPORT,R408,488190,True,project_program_support,PSC_MATCH|KEYWORD_MATCH|MULTI_SIGNAL|MULTI_CATEGORY_MATCH|POTENTIAL_INTEGRATED_SERVICE|BASELINE_INCLUDE,logistics support|management support|program management|program management support,,,,,,,,
HQ003422F0207,TECHNICAL AND ENGINEERING SERVICES,AJ13,541715,True,engineering_design_support,NAICS_BROAD_MATCH|KEYWORD_MATCH|MULTI_SIGNAL|MULTI_CATEGORY_MATCH|POTENTIAL_INTEGRATED_SERVICE|BASELINE_INCLUDE,engineering services,,,,,,,,
H9240021F0049,UKRAINE NATIONAL RESISTANCE COURSE 21-16,R499,541611,True,project_program_support,PSC_BROAD_MATCH|NAICS_MATCH|MULTI_SIGNAL|MULTI_CATEGORY_MATCH|POTENTIAL_INTEGRATED_SERVICE|BASELINE_INCLUDE,,,,,,,,,
H9223924F0048,EVENT PLANNING SERVICES,R799,561920,True,event_hosting,NAICS_MATCH|KEYWORD_MATCH|MULTI_SIGNAL|BASELINE_INCLUDE,event planning,0,,,,,,,
47QFDA20F0099,OPP CONTACT CENTER CONTRACT SUPPORT RECOMPETE,R408,541519,True,project_program_support,PSC_MATCH|KEYWORD_MATCH|MULTI_SIGNAL|MULTI_CATEGORY_MATCH|POTENTIAL_INTEGRATED_SERVICE|BASELINE_INCLUDE,contract support|management support|program management|program management support,0,,,,,,,
H9225723F0098,MRSG PTP FTES,R499,541611,True,project_program_support,PSC_BROAD_MATCH|NAICS_MATCH|MULTI_SIGNAL|MULTI_CATEGORY_MATCH|POTENTIAL_INTEGRATED_SERVICE|BASELINE_INCLUDE,,,,,,,,,
H9240023F0079,J3 PROGRAM SUPPORT - BASE YEAR AWARD,R499,541611,True,project_program_support,PSC_BROAD_MATCH|NAICS_MATCH|MULTI_SIGNAL|MULTI_CATEGORY_MATCH|POTENTIAL_INTEGRATED_SERVICE|BASELINE_INCLUDE,program support,,,,,,,,
HHSM5000015,"TAS::75 8393::TAS MED & SURGICAL INSTRUMENTS,EQ & SUP",AN11,541611,True,project_program_support,NAICS_MATCH|MULTI_CATEGORY_MATCH|POTENTIAL_INTEGRATED_SERVICE|BASELINE_INCLUDE,health,,,,,,,,
H9223923F0001,TRAVEL,R499,541611,True,project_program_support,PSC_BROAD_MATCH|NAICS_MATCH|MULTI_SIGNAL|MULTI_CATEGORY_MATCH|POTENTIAL_INTEGRATED_SERVICE|BASELINE_INCLUDE,,,,,,,,,
N0002405C4208,"SUBMARINE RESCUE SYSTEM INTEGRATED PROGRAM, SYSTEM ENGINEEIRNG AND INTEGRATION SERVICES AND HARDWARE",R408,541330,True,project_program_support,PSC_MATCH|KEYWORD_MATCH|MULTI_SIGNAL|MULTI_CATEGORY_MATCH|POTENTIAL_INTEGRATED_SERVICE|BASELINE_INCLUDE,engineering services|management support|program management|program management support,,,,,,,,
47QFCA23F0036,THE PURPOSE OF THIS ACTION IS TO AWARD A TASK ORDER - JOINT NETWORK OF ENGINEERING AND EMERGING OPERATIONS (JNEEO),R499,541330,True,project_program_support,PSC_BROAD_MATCH|KEYWORD_MATCH|MULTI_SIGNAL|MULTI_CATEGORY_MATCH|POTENTIAL_INTEGRATED_SERVICE|BASELINE_INCLUDE,engineering services|task order,,,,,,,,
H9240024F0153,24-76 WPS & IPEP SPT,R499,541611,True,project_program_support,PSC_BROAD_MATCH|NAICS_MATCH|MULTI_SIGNAL|MULTI_CATEGORY_MATCH|POTENTIAL_INTEGRATED_SERVICE|BASELINE_INCLUDE,,,,,,,,,
FA800323F0011,AIR FORCE CIVIL ENGINEER CENTER (AFCEC) BASE REALIGNMENT AND CLOSURE (BRAC) ADVISORY AND ASSISTANCE SERVICES (A&AS) SUPPORT,R408,541330,True,project_program_support,PSC_MATCH|KEYWORD_MATCH|MULTI_SIGNAL|MULTI_CATEGORY_MATCH|POTENTIAL_INTEGRATED_SERVICE|BASELINE_INCLUDE,engineering services|management support|program management|program management support,,,,,,,,
0002,BASE PERIOD LABOR (INCL 30 DAY TRANS IN),R408,541611,True,project_program_support,PSC_MATCH|NAICS_MATCH|KEYWORD_MATCH|MULTI_SIGNAL|MULTI_CATEGORY_MATCH|POTENTIAL_INTEGRATED_SERVICE|BASELINE_INCLUDE,management support|program management|program management support,,,,,,,,
H9223924F0031,ROLE PLAYER SUPPORT,R499,541611,True,project_program_support,PSC_BROAD_MATCH|NAICS_MATCH|MULTI_SIGNAL|MULTI_CATEGORY_MATCH|POTENTIAL_INTEGRATED_SERVICE|BASELINE_INCLUDE,,0,,,,,,,
H9240022F0117,J3 MANPOWER AUGMENTATION,R499,541611,True,project_program_support,PSC_BROAD_MATCH|NAICS_MATCH|MULTI_SIGNAL|MULTI_CATEGORY_MATCH|POTENTIAL_INTEGRATED_SERVICE|BASELINE_INCLUDE,,,,,,,,,
H9240021F0051,ECUADOR FUERZAS COMMANDO 21-28,R499,541611,True,project_program_support,PSC_BROAD_MATCH|NAICS_MATCH|MULTI_SIGNAL|MULTI_CATEGORY_MATCH|POTENTIAL_INTEGRATED_SERVICE|BASELINE_INCLUDE,,,,,,,,,
N0003920F3018,COMMAND ENTERPRISE RESOURCE PLANNING BUSINESS OFFICE (CEBO) AND DATA ANALYTICS SUPPORT,R408,541330,True,project_program_support,PSC_MATCH|KEYWORD_MATCH|MULTI_SIGNAL|MULTI_CATEGORY_MATCH|POTENTIAL_INTEGRATED_SERVICE|BASELINE_INCLUDE,engineering services|management support|program management|program management support,,,,,,,,
H9224023F0120,SERVICES- CAREER TRANISTION SEMINAR,R499,611430,True,event_hosting,PSC_BROAD_MATCH|KEYWORD_MATCH|MULTI_SIGNAL|MULTI_CATEGORY_MATCH|POTENTIAL_INTEGRATED_SERVICE|BASELINE_INCLUDE,seminar|training,,,,,,,,
47QFCA22F0043,NSIN PROGRAM MANAGEMENT OFFICE (PMO) SUPPORT,R499,541330,True,project_program_support,PSC_BROAD_MATCH|KEYWORD_MATCH|MULTI_SIGNAL|MULTI_CATEGORY_MATCH|POTENTIAL_INTEGRATED_SERVICE|BASELINE_INCLUDE,engineering services|program management,,,,,,,,
W15P7T22F0001,"TO PROCURE PROGRAM YEAR 13 SERVICES INCLUSIVE OF LOGISTICS AND FIELDING (L&F), SYSTEM ENGINEERING AND TEST (E&T), SYSTEM ENGINEERING AND PROGRAM MANAGEMENT (SPEM).",R408,334210,True,project_program_support,PSC_MATCH|KEYWORD_MATCH|MULTI_SIGNAL|MULTI_CATEGORY_MATCH|POTENTIAL_INTEGRATED_SERVICE|BASELINE_INCLUDE,management support|program management|program management support,,,,,,,,
H9240021F0127,CROATIA SOF STAFF COURSE 21-82,R499,541611,True,project_program_support,PSC_BROAD_MATCH|NAICS_MATCH|MULTI_SIGNAL|MULTI_CATEGORY_MATCH|POTENTIAL_INTEGRATED_SERVICE|BASELINE_INCLUDE,,0,,,,,,,
H9240021F0004,MC20260 1MRB TO,R499,541611,True,project_program_support,PSC_BROAD_MATCH|NAICS_MATCH|MULTI_SIGNAL|MULTI_CATEGORY_MATCH|POTENTIAL_INTEGRATED_SERVICE|BASELINE_INCLUDE,,,,,,,,,
H9240022F0124,INDOPACOM EVENTS 22-78,R499,541611,True,project_program_support,PSC_BROAD_MATCH|NAICS_MATCH|MULTI_SIGNAL|MULTI_CATEGORY_MATCH|POTENTIAL_INTEGRATED_SERVICE|BASELINE_INCLUDE,,,,,,,,,
NNG10CR16C,"MULTI-DISCIPLINARY ENGINEERING&TECHNOLOGY SERVICES II (METS II). THE PURPOSE OF THIS CONTRACT IS TO ACQUIRE ENGINEERING AND RELATED SERVICES TO MESAD, ISTD, EED, AND RELATED ORGANIZATIONS, AS REQUIRED, FOR THE FORMULATION, DESIGN, DEVELOPMENT, FABRICATION, INTEGRATION, TESTING, VERIFICATION, AND OPERATIONS OF SPACE FLIGHT AND GROUND SYSTEM HARDWARE AND SOFTWARE, INCLUDING DEVELOPMENT AND VALIDATION OF NEW TECHNOLOGIES TO ENABLE FUTURE SPACE AND SCIENCE MISSIONS. THE EMPHASIS IN ENGINEERING SERVICES WILL BE IN THE AREAS OF SYSTEMS ENGINEERING; GUIDANCE, NAVIGATION, AND CONTROL SYSTEMS; INSTRUMENT AND DETEETOR SYSTEMS AND RADIO FREQUENCY (RF) SYSTEMS. TO THIS END, THE CONTRACTOR SHALL PROVIDE ON/OFF-SITE MULTIDISCIPLINARY ENGINEERING SERVICES, PURSUANT TO TASK ORDERS ISSUED BY THE CONTRACTING OFFICER. THESE SERVICES SHALL INCLUDE THE PERSONNEL, FACILITIES, AND MATERIALS (UNLESS OTHERWISE PROVIDED BY THE GOVERNMENT) TO ACCOMPLISH THE TASKS. IN ADDITION, SECURITY CLEARANCES MAY BE REQUIRED FOR SOME TASKS RANGING FROM SECRET TO TOP SECRET AND SCI, SPECIFICALLY IN THE RF SYSTEMS DISCIPLINE.",R425,541712,True,prototyping,STRONG_PROTOTYPE_KEYWORD_MATCH|VERY_STRONG_PROTOTYPE_KEYWORD_MATCH|KEYWORD_MATCH|MULTI_CATEGORY_MATCH|POTENTIAL_INTEGRATED_SERVICE|BASELINE_INCLUDE,engineering services|fabrication|systems engineering,,,,,,,,
0007,"DS-02-13 EXECUTIVE ADMINISTRATIVE AND ACTION OFFICER SUPPORT. SUPPORT EXECUTIVE LEVEL ADMINISTRATIVE EFFORTS FOR MDA ORGANIZATIONS LED BY A FLAG OFFICER OR A MEMBER OF THE SENIOR EXECUTIVE SERVICE (SES), INCLUDING COVERAGE DURING TEMPORARY ABSENCES. THE EXECUTIVE LEVEL ADMINISTRATIVE SUPPORT INCLUDES DEDICATED: 1) ADMINISTRATIVE; 2) CORRESPONDENCE; AND 3) SCHEDULE SUPPORT.",R499,541611,True,project_program_support,PSC_BROAD_MATCH|NAICS_MATCH|MULTI_SIGNAL|MULTI_CATEGORY_MATCH|POTENTIAL_INTEGRATED_SERVICE|BASELINE_INCLUDE,administrative support,,,,,,,,
H9240024F0015,MC24315 -MARINE RAIDER REGIMENT FOREIGN LANGUAGE ROLE-PLAYER SUPPORT,R499,541611,True,project_program_support,PSC_BROAD_MATCH|NAICS_MATCH|MULTI_SIGNAL|MULTI_CATEGORY_MATCH|POTENTIAL_INTEGRATED_SERVICE|BASELINE_INCLUDE,,,,,,,,,
NS45,IGF::OT::IGF,R408,541330,True,project_program_support,PSC_MATCH|KEYWORD_MATCH|MULTI_SIGNAL|MULTI_CATEGORY_MATCH|POTENTIAL_INTEGRATED_SERVICE|BASELINE_INCLUDE,engineering services|management support|program management|program management support,,,,,,,,
H9240024F0029,PANAMA CITY 24-13,R499,541611,True,project_program_support,PSC_BROAD_MATCH|NAICS_MATCH|MULTI_SIGNAL|MULTI_CATEGORY_MATCH|POTENTIAL_INTEGRATED_SERVICE|BASELINE_INCLUDE,,,,,,,,,
GSQ0016AJ0014,IGF::CL::IGF AWARD OF CONTRACT FOR PROFESSIONAL SUPPORT SERVICES FOR FEDSIM,R408,541219,True,project_program_support,PSC_MATCH|KEYWORD_MATCH|MULTI_SIGNAL|MULTI_CATEGORY_MATCH|POTENTIAL_INTEGRATED_SERVICE|BASELINE_INCLUDE,management support|program management|program management support|support services,,,,,,,,
H9225724F0001,MRTC SR LMC CUSTOM COURSE,R499,541611,True,project_program_support,PSC_BROAD_MATCH|NAICS_MATCH|MULTI_SIGNAL|MULTI_CATEGORY_MATCH|POTENTIAL_INTEGRATED_SERVICE|BASELINE_INCLUDE,,,,,,,,,
47QFPA22F0004,U2 MISSION PLANNING CELL SUPPORT SERVICES SOLICITATION IDS ARE: 47QFPA21Q0023 / 47QFPA21R0025,R408,541330,True,project_program_support,PSC_MATCH|KEYWORD_MATCH|MULTI_SIGNAL|MULTI_CATEGORY_MATCH|POTENTIAL_INTEGRATED_SERVICE|BASELINE_INCLUDE,engineering services|management support|program management|program management support|support services,,,,,,,,
HHSN276201500057U,"IGF::OT::IGF CIT/ISDP:EIS - 8018549 - HHS SAS ENTERPRISE LICENSE AGREEMENT BASE YEAR PER ATTACHED QUOTE #1-9V4UP, POP 12/31/2014-12/30/2015",R408,334111,True,project_program_support,PSC_MATCH|KEYWORD_MATCH|MULTI_SIGNAL|MULTI_CATEGORY_MATCH|POTENTIAL_INTEGRATED_SERVICE|BASELINE_INCLUDE,management support|program management|program management support,,,,,,,,
70FA6020F00000005,CDS O&M SUPPORT FOR FIMA - TASK ORDER 0003 (12/01/2019 - 04/30/2021),R499,541519,True,project_program_support,PSC_BROAD_MATCH|KEYWORD_MATCH|MULTI_SIGNAL|MULTI_CATEGORY_MATCH|POTENTIAL_INTEGRATED_SERVICE|BASELINE_INCLUDE,task order,,,,,,,,
FA701424F0113,"THE F-35 LIGHTNING II JOINT PROGRAM OFFICE (JPO) LEADS THE LIFE-CYCLE PROGRAM MANAGEMENT OF THE F-35A, F-35B, AND F-35C- THE FIFTH-GENERATION JOINT STRIKE FIGHTER AIR SYSTEM.",R499,541611,True,project_program_support,PSC_BROAD_MATCH|NAICS_MATCH|KEYWORD_MATCH|MULTI_SIGNAL|MULTI_CATEGORY_MATCH|POTENTIAL_INTEGRATED_SERVICE|BASELINE_INCLUDE,program management,,,,,,,,
HQ014716C0057,IGF::OT::IGF DS STRATEGIC PLANNING SUPPORT,R408,541611,True,project_program_support,PSC_MATCH|NAICS_MATCH|KEYWORD_MATCH|MULTI_SIGNAL|MULTI_CATEGORY_MATCH|POTENTIAL_INTEGRATED_SERVICE|BASELINE_INCLUDE,management support|program management|program management support,0,,,,,,,
19AQMM24C0062,"TO PROVIDE COMPREHENSIVE ONSITE MANAGEMENT, ADMINISTRATION, AND PROCESSING SUPPORT AT THREE (3) PASSPORT CENTERS, AND TWENTY FOUR (24) PASSPORT AGENCIES NATIONWIDE. BOTH INITIAL AND RENEWAL OF PASSPORT BOOKS/CARD APPLICATIONS ARE PROCESSED UNDER THIS",R408,541513,True,project_program_support,PSC_MATCH|KEYWORD_MATCH|MULTI_SIGNAL|MULTI_CATEGORY_MATCH|POTENTIAL_INTEGRATED_SERVICE|BASELINE_INCLUDE,management support|program management|program management support,,,,,,,,
HHSM500201300118C,IGF::OT::IGF-PPHF-2013-ELIGIBILITY SUPPORT,R499,541611,True,project_program_support,PSC_BROAD_MATCH|NAICS_MATCH|MULTI_SIGNAL|MULTI_CATEGORY_MATCH|POTENTIAL_INTEGRATED_SERVICE|BASELINE_INCLUDE,,,,,,,,,
0006,IGF::OT::IGF JSOU SECURITY SPECIALIST SUPPORT,R499,541611,True,project_program_support,PSC_BROAD_MATCH|NAICS_MATCH|MULTI_SIGNAL|MULTI_CATEGORY_MATCH|POTENTIAL_INTEGRATED_SERVICE|BASELINE_INCLUDE,,,,,,,,,
H9240024F0140,STAFF DEVELOPMENT COURSE - THAILAND 24-66,R499,541611,True,project_program_support,PSC_BROAD_MATCH|NAICS_MATCH|MULTI_SIGNAL|MULTI_CATEGORY_MATCH|POTENTIAL_INTEGRATED_SERVICE|BASELINE_INCLUDE,,,,,,,,,
0309,PROGRAM MGT,R408,541990,True,project_program_support,PSC_MATCH|KEYWORD_MATCH|MULTI_SIGNAL|MULTI_CATEGORY_MATCH|POTENTIAL_INTEGRATED_SERVICE|BASELINE_INCLUDE,management support|program management|program management support|technical services,,,,,,,,
H9225724F0081,MASC 24-2,R499,541611,True,project_program_support,PSC_BROAD_MATCH|NAICS_MATCH|MULTI_SIGNAL|MULTI_CATEGORY_MATCH|POTENTIAL_INTEGRATED_SERVICE|BASELINE_INCLUDE,,,,,,,,,
H9240020F0208,PART TIME SUPPORT 20-152,R499,541611,True,project_program_support,PSC_BROAD_MATCH|NAICS_MATCH|MULTI_SIGNAL|MULTI_CATEGORY_MATCH|POTENTIAL_INTEGRATED_SERVICE|BASELINE_INCLUDE,,0,,,,,,,
H9240020F0109,MASS FTE AWARD,R499,541611,True,project_program_support,PSC_BROAD_MATCH|NAICS_MATCH|MULTI_SIGNAL|MULTI_CATEGORY_MATCH|POTENTIAL_INTEGRATED_SERVICE|BASELINE_INCLUDE,,,,,,,,,
2032H523F00272,THIS IS A NEW TASK ORDER FOR INDIVIDUAL ONLINE ACCOUNT (IOLA) SUPPORT SERVICES UNDER THE WEB APPS BRIDGE BPA,DA01,541611,True,project_program_support,NAICS_MATCH|KEYWORD_MATCH|MULTI_SIGNAL|MULTI_CATEGORY_MATCH|POTENTIAL_INTEGRATED_SERVICE|BASELINE_INCLUDE,support services|task order,,,,,,,,
H9240022F0005,EO14042 - CONTRACTING ACQUISITION SUPPORT,R499,541611,True,project_program_support,PSC_BROAD_MATCH|NAICS_MATCH|MULTI_SIGNAL|MULTI_CATEGORY_MATCH|POTENTIAL_INTEGRATED_SERVICE|BASELINE_INCLUDE,,,,,,,,,
W31P4Q24FC001,TECHNICAL AND ENGINEERING SUPPORT,R425,541715,True,engineering_design_support,NAICS_BROAD_MATCH|KEYWORD_MATCH|MULTI_SIGNAL|MULTI_CATEGORY_MATCH|POTENTIAL_INTEGRATED_SERVICE|BASELINE_INCLUDE,engineering support,,,,,,,,
AIDGHSI070700003,"THE PURPOSE OF THIS TASK ORDER IS TO ASSIST THE GOVERNMENT OF JORDAN IMPROVE ACCESS TO AND QUALITY OF HEALTH CARE SERVICES AND INFORMATION THROUGH STRENGTHENING, EXPANDING AND INSTITUTIONALIZING HEALTH CARE DELIVERY SYSTEMS IN THE PUBLIC SECTOR AT THE CENTRAL MOH, HEALTH DIRECTORATE (HOSPITALS AND PRIMARY HEALTH FACILITIES), AND THE COMMUNITY LEVELS.",R421,541618,True,project_program_support,NAICS_MATCH|KEYWORD_MATCH|MULTI_SIGNAL|MULTI_CATEGORY_MATCH|POTENTIAL_INTEGRATED_SERVICE|BASELINE_INCLUDE,health|public sector|task order|technical assistance,,,,,,,,
H9240118C0005,SYSTEM DESIGN FULL THROTTLE PROTOTYPE,AD22,541715,True,engineering_design_support,NAICS_BROAD_MATCH|KEYWORD_MATCH|MULTI_SIGNAL|MULTI_CATEGORY_MATCH|POTENTIAL_INTEGRATED_SERVICE|BASELINE_INCLUDE,system design,,,,,,,,
SP470919F0016,ENTERPRISE SERVICE DELIVERY - CTA PORTION,R408,541519,True,project_program_support,PSC_MATCH|KEYWORD_MATCH|MULTI_SIGNAL|MULTI_CATEGORY_MATCH|POTENTIAL_INTEGRATED_SERVICE|BASELINE_INCLUDE,management support|program management|program management support|service delivery,,,,,,,,
FA701422F0315,PKF-KENNEDY-WOOD- HQ SPAASS CSRO TASK ORDER,R499,541330,True,project_program_support,PSC_BROAD_MATCH|KEYWORD_MATCH|MULTI_SIGNAL|MULTI_CATEGORY_MATCH|POTENTIAL_INTEGRATED_SERVICE|BASELINE_INCLUDE,engineering services|task order,0,,,,,,,
FA865017F4116,IGF::OT::IGF AFRL/RYD MAINTENANCE AND FABRICATION OF EXPERIMENTAL PROCESSING AND TEST EQUIPMENT,R499,541330,True,prototyping,STRONG_PROTOTYPE_KEYWORD_MATCH|VERY_STRONG_PROTOTYPE_KEYWORD_MATCH|KEYWORD_MATCH|MULTI_CATEGORY_MATCH|POTENTIAL_INTEGRATED_SERVICE|BASELINE_INCLUDE,engineering services|fabrication,,,,,,,,
80MSFC20C0034,"WORK REQUIRED FOR THE DESIGN, DEVELOPMENT, MANUFACTURE, TEST, LAUNCH, DEMONSTRATION, AND ENGINEERING SUPPORT OF THE HUMAN LANDING SYSTEM (HLS) INTEGRATED LANDER.",AR32,541715,True,engineering_design_support,NAICS_BROAD_MATCH|KEYWORD_MATCH|MULTI_SIGNAL|MULTI_CATEGORY_MATCH|POTENTIAL_INTEGRATED_SERVICE|BASELINE_INCLUDE,engineering support,,,,,,,,
47QFCA21F0042,"THE PURPOSE OF THIS AWARD IS FOR THE C5ISR, EXERCISES, OPERATIONS, AND INFORMATION SERVICES (CEOIS) TASK ORDER IS TO PROVIDE NEAR REAL-TIME SITUATIONAL AWARENESS AND DECISION SUPPORT TO THE DOD COMBATANT COMMANDS (CCMDS)",R499,541330,True,project_program_support,PSC_BROAD_MATCH|KEYWORD_MATCH|MULTI_SIGNAL|MULTI_CATEGORY_MATCH|POTENTIAL_INTEGRATED_SERVICE|BASELINE_INCLUDE,engineering services|task order,,,,,,,,
M801,MANAGEMENT AND TECHNICAL SUPPORT SERVICES FOR PMA-290,R408,541330,True,project_program_support,PSC_MATCH|KEYWORD_MATCH|MULTI_SIGNAL|MULTI_CATEGORY_MATCH|POTENTIAL_INTEGRATED_SERVICE|BASELINE_INCLUDE,engineering services|management support|program management|program management support|support services,0,,,,,,,
H9225723F0052,SR MASC,R499,541611,True,project_program_support,PSC_BROAD_MATCH|NAICS_MATCH|MULTI_SIGNAL|MULTI_CATEGORY_MATCH|POTENTIAL_INTEGRATED_SERVICE|BASELINE_INCLUDE,,,,,,,,,
H9225723F0029,ISWG LABOR,R499,541611,True,project_program_support,PSC_BROAD_MATCH|NAICS_MATCH|MULTI_SIGNAL|MULTI_CATEGORY_MATCH|POTENTIAL_INTEGRATED_SERVICE|BASELINE_INCLUDE,,,,,,,,,
0002,"IGF::CL,CT::IGF LOGISTICS MODERNIZATION PROGRAM, PROGRAM MANAGEMENT OFFICE CONTRACTOR SUPPORT SERVICES",R408,541611,True,project_program_support,PSC_MATCH|NAICS_MATCH|KEYWORD_MATCH|MULTI_SIGNAL|MULTI_CATEGORY_MATCH|POTENTIAL_INTEGRATED_SERVICE|BASELINE_INCLUDE,management support|program management|program management support|support services,0,,,,,,,
H9240023F0054,COLOMBIA IW 23-31,R499,541611,True,project_program_support,PSC_BROAD_MATCH|NAICS_MATCH|MULTI_SIGNAL|MULTI_CATEGORY_MATCH|POTENTIAL_INTEGRATED_SERVICE|BASELINE_INCLUDE,,,,,,,,,
H9240023F0111,LANGUAGE INSTRUCTOR- LABOR,R499,541611,True,project_program_support,PSC_BROAD_MATCH|NAICS_MATCH|MULTI_SIGNAL|MULTI_CATEGORY_MATCH|POTENTIAL_INTEGRATED_SERVICE|BASELINE_INCLUDE,,,,,,,,,
H9225724F0026,EOD 24-1,R499,541611,True,project_program_support,PSC_BROAD_MATCH|NAICS_MATCH|MULTI_SIGNAL|MULTI_CATEGORY_MATCH|POTENTIAL_INTEGRATED_SERVICE|BASELINE_INCLUDE,,0,,,,,,,
0003,IGF::OT::IGF PTP FTE'S - T&M,R499,541611,True,project_program_support,PSC_BROAD_MATCH|NAICS_MATCH|MULTI_SIGNAL|MULTI_CATEGORY_MATCH|POTENTIAL_INTEGRATED_SERVICE|BASELINE_INCLUDE,,,,,,,,,
W31P4Q21FB004,TECHNICAL SUPPORT FOR PROTOTYPE INTEGRATION FACILITY (PIF),R425,541611,True,project_program_support,NAICS_MATCH|MULTI_CATEGORY_MATCH|POTENTIAL_INTEGRATED_SERVICE|BASELINE_INCLUDE,prototype integration,,,,,,,,
H9240024F0025,LABOR- CMP SUPPORT,R499,541611,True,project_program_support,PSC_BROAD_MATCH|NAICS_MATCH|MULTI_SIGNAL|MULTI_CATEGORY_MATCH|POTENTIAL_INTEGRATED_SERVICE|BASELINE_INCLUDE,,,,,,,,,
0035,LREC SOCSOUTH FTES - LH,R499,541611,True,project_program_support,PSC_BROAD_MATCH|NAICS_MATCH|MULTI_SIGNAL|MULTI_CATEGORY_MATCH|POTENTIAL_INTEGRATED_SERVICE|BASELINE_INCLUDE,,,,,,,,,
W900KK23F5001,BASE - TSSE-NTC RANGE OPERATIONS TASK ORDER,R499,541990,True,project_program_support,PSC_BROAD_MATCH|KEYWORD_MATCH|MULTI_SIGNAL|MULTI_CATEGORY_MATCH|POTENTIAL_INTEGRATED_SERVICE|BASELINE_INCLUDE,task order|technical services,0,,,,,,,
H9223924F0057,EVENT PLANNING SERVICES,R799,561920,True,event_hosting,NAICS_MATCH|KEYWORD_MATCH|MULTI_SIGNAL|BASELINE_INCLUDE,event planning,,,,,,,,
H9240024F0050,MC24030,R499,541611,True,project_program_support,PSC_BROAD_MATCH|NAICS_MATCH|MULTI_SIGNAL|MULTI_CATEGORY_MATCH|POTENTIAL_INTEGRATED_SERVICE|BASELINE_INCLUDE,,,,,,,,,
EH04,PEO CARRIERS SUPPORT,R408,541330,True,project_program_support,PSC_MATCH|KEYWORD_MATCH|MULTI_SIGNAL|MULTI_CATEGORY_MATCH|POTENTIAL_INTEGRATED_SERVICE|BASELINE_INCLUDE,engineering services|management support|program management|program management support,,,,,,,,
H9240021F0081,VIRTUAL ISOF 2021,R499,541611,True,project_program_support,PSC_BROAD_MATCH|NAICS_MATCH|MULTI_SIGNAL|MULTI_CATEGORY_MATCH|POTENTIAL_INTEGRATED_SERVICE|BASELINE_INCLUDE,,,,,,,,,
H9240021F0138,J21 FM SUPPORT,R499,541611,True,project_program_support,PSC_BROAD_MATCH|NAICS_MATCH|MULTI_SIGNAL|MULTI_CATEGORY_MATCH|POTENTIAL_INTEGRATED_SERVICE|BASELINE_INCLUDE,,,,,,,,,
H9240024F0073,MOZ OPC#3 (24-31),R499,541611,True,project_program_support,PSC_BROAD_MATCH|NAICS_MATCH|MULTI_SIGNAL|MULTI_CATEGORY_MATCH|POTENTIAL_INTEGRATED_SERVICE|BASELINE_INCLUDE,,,,,,,,,
75A50122F80003,TRANSFER OF USAF TASK ORDER TO BARDA FOR COVID-19 RAPID SUPPORT,R408,541611,True,project_program_support,PSC_MATCH|NAICS_MATCH|KEYWORD_MATCH|MULTI_SIGNAL|MULTI_CATEGORY_MATCH|POTENTIAL_INTEGRATED_SERVICE|BASELINE_INCLUDE,management support|program management|program management support|task order,0,,,,,,,
AID620C1500002,IGF::CL::IGF - THIS IS A FULL AND OPEN COMPETITIVE CONTRACT FOR THE IMPLEMENTATION OF NORTHERN NIGERIA EDUCATION INITIATIVE PLUS AWARD. EDUCATION FLAGSHIP PROGRAM FOR READING AND ACCESS.,R408,541990,True,project_program_support,PSC_MATCH|KEYWORD_MATCH|MULTI_SIGNAL|MULTI_CATEGORY_MATCH|POTENTIAL_INTEGRATED_SERVICE|BASELINE_INCLUDE,education|management support|program management|program management support|technical services,,,,,,,,
N0042119F0790,PMA275 PM CSS MAC AWARD,R408,541330,True,project_program_support,PSC_MATCH|KEYWORD_MATCH|MULTI_SIGNAL|MULTI_CATEGORY_MATCH|POTENTIAL_INTEGRATED_SERVICE|BASELINE_INCLUDE,engineering services|management support|program management|program management support,,,,,,,,
70CDCR20FR0000023,INTENSIVE SUPERVISION APPEARANCE PROGRAM (ISAP IV),R408,561210,True,project_program_support,PSC_MATCH|KEYWORD_MATCH|MULTI_SIGNAL|MULTI_CATEGORY_MATCH|POTENTIAL_INTEGRATED_SERVICE|BASELINE_INCLUDE,management support|program management|program management support|support services,,,,,,,,
75FCMC20F0001,QUALITY INNOVATION NETWORK/QUALITY IMPROVEMENT ORGANIZATIONS (QIN-QIO) TASK ORDER,Q101,541618,True,project_program_support,NAICS_MATCH|KEYWORD_MATCH|MULTI_SIGNAL|BASELINE_INCLUDE,task order,0,,,,,,,
H9240021F0149,UKRAINE SOFIC 21-87,R499,541611,True,project_program_support,PSC_BROAD_MATCH|NAICS_MATCH|MULTI_SIGNAL|MULTI_CATEGORY_MATCH|POTENTIAL_INTEGRATED_SERVICE|BASELINE_INCLUDE,,0,,,,,,,
HT003821F0020,"PROGRAM SUPPORT SERVICES SUCH AS PROGRAM/PROJECT MANAGEMENT, FINANCIAL MANAGEMENT, AND DIRECT SUPPORT TO FIELDED SYSTEMS.",R408,541512,True,project_program_support,PSC_MATCH|KEYWORD_MATCH|MULTI_SIGNAL|MULTI_CATEGORY_MATCH|POTENTIAL_INTEGRATED_SERVICE|BASELINE_INCLUDE,management support|program management|program management support|program support|support services,,,,,,,,
H9240022F0092,USASOC KS AWARD,R499,541611,True,project_program_support,PSC_BROAD_MATCH|NAICS_MATCH|MULTI_SIGNAL|MULTI_CATEGORY_MATCH|POTENTIAL_INTEGRATED_SERVICE|BASELINE_INCLUDE,,,,,,,,,
FA807521F0065,"RESEARCH, DEVELOPMENT, ENGINEERING, TECHNICAL ANALYSIS, AND SOLUTIONS FOR OPENING, RECOVERING, SUSTAINING AND SUPPORTING OPERATIONAL AIRBASE INFRASTRUCTURE EMERGING CAPABILITY AND PROTOTYPING FOR THE AIR FORCE CIVIL ENGINEER CENTER REQ. OFFICE",AC32,541715,True,engineering_design_support,NAICS_BROAD_MATCH|KEYWORD_MATCH|MULTI_SIGNAL|MULTI_CATEGORY_MATCH|POTENTIAL_INTEGRATED_SERVICE|BASELINE_INCLUDE,technical analysis,,,,,,,,
W15QKN18F0035,"IGF::OT::IGF BASE YEAR OF PROGRAM MANAGEMENT OFFICE SUPPORT SERVICES FOR PROGRAM EXECUTIVE OFFICER (PEO) ENTERPRISE INFORMATION SYSTEM (EIS), INTEGRATED PAY AND PERSONNEL SYSTEM ARMY (IPPS-A) PROGRAM MANAGEMENT OFFICE (PMO)",R408,541512,True,project_program_support,PSC_MATCH|KEYWORD_MATCH|MULTI_SIGNAL|MULTI_CATEGORY_MATCH|POTENTIAL_INTEGRATED_SERVICE|BASELINE_INCLUDE,management support|program management|program management support|support services,,,,,,,,
H9240023F0042,CMOS 23-07,R499,541611,True,project_program_support,PSC_BROAD_MATCH|NAICS_MATCH|MULTI_SIGNAL|MULTI_CATEGORY_MATCH|POTENTIAL_INTEGRATED_SERVICE|BASELINE_INCLUDE,,,,,,,,,
H9225716P0067,IGF::CT::IGF RASS SUPPORT,R499,541611,True,project_program_support,PSC_BROAD_MATCH|NAICS_MATCH|MULTI_SIGNAL|MULTI_CATEGORY_MATCH|POTENTIAL_INTEGRATED_SERVICE|BASELINE_INCLUDE,,,,,,,,,
H9240022F0109,RESEARCH SUPPORT 22-73,R499,541611,True,project_program_support,PSC_BROAD_MATCH|NAICS_MATCH|MULTI_SIGNAL|MULTI_CATEGORY_MATCH|POTENTIAL_INTEGRATED_SERVICE|BASELINE_INCLUDE,,,,,,,,,
19AQMM21F7644,FACTS INFO PM SUPPORT CALL ORDER,R408,541611,True,project_program_support,PSC_MATCH|NAICS_MATCH|KEYWORD_MATCH|MULTI_SIGNAL|MULTI_CATEGORY_MATCH|POTENTIAL_INTEGRATED_SERVICE|BASELINE_INCLUDE,management support|program management|program management support,,,,,,,,
19AQMM23F0993,"COMMUNITY ORDER SERVICE SECTION-COS3 IN DOHA, QATAR",R408,561210,True,project_program_support,PSC_MATCH|KEYWORD_MATCH|MULTI_SIGNAL|MULTI_CATEGORY_MATCH|POTENTIAL_INTEGRATED_SERVICE|BASELINE_INCLUDE,management support|program management|program management support|support services,,,,,,,,
H9240024F0128,LH - LABOR - MC24228,R499,541611,True,project_program_support,PSC_BROAD_MATCH|NAICS_MATCH|MULTI_SIGNAL|MULTI_CATEGORY_MATCH|POTENTIAL_INTEGRATED_SERVICE|BASELINE_INCLUDE,,,,,,,,,
M6785423F3001,"THE CONTRACTOR SHALL PROVIDE SUPPORT TO ALL BUSINESS, ACQUISITION, LOGISTICS, ENGINEERING, AND TEST ACTIVITIES.",R408,541330,True,project_program_support,PSC_MATCH|KEYWORD_MATCH|MULTI_SIGNAL|MULTI_CATEGORY_MATCH|POTENTIAL_INTEGRATED_SERVICE|BASELINE_INCLUDE,engineering services|management support|program management|program management support,0,,,,,,,
H9223921F0128,TRAVEL,R499,541611,True,project_program_support,PSC_BROAD_MATCH|NAICS_MATCH|MULTI_SIGNAL|MULTI_CATEGORY_MATCH|POTENTIAL_INTEGRATED_SERVICE|BASELINE_INCLUDE,,0,,,,,,,
70SBUR23F00000104,RECORDS MANAGEMENT AND SUPPORT SERVICES,R408,541512,True,project_program_support,PSC_MATCH|KEYWORD_MATCH|MULTI_SIGNAL|MULTI_CATEGORY_MATCH|POTENTIAL_INTEGRATED_SERVICE|BASELINE_INCLUDE,management support|program management|program management support|support services,,,,,,,,
H9225724F0046,SCS - TIME AND MATERIAL,R499,541611,True,project_program_support,PSC_BROAD_MATCH|NAICS_MATCH|MULTI_SIGNAL|MULTI_CATEGORY_MATCH|POTENTIAL_INTEGRATED_SERVICE|BASELINE_INCLUDE,,,,,,,,,
H9240022F0079,N2C3 ASSESSMENT,R499,541611,True,project_program_support,PSC_BROAD_MATCH|NAICS_MATCH|MULTI_SIGNAL|MULTI_CATEGORY_MATCH|POTENTIAL_INTEGRATED_SERVICE|BASELINE_INCLUDE,,,,,,,,,
75R60222C00008,SINGLE POINT OF ACCESS-COORDINATING CENTER (SPA-CC) - ESTABLISH AND MAINTAIN A SYSTEM FOR HEALTH CARE PROFESSIONALS AND PHYSICIANS SEARCHING ON BEHALF OF PATIENTS TO SEARCH ELECTRONICALLY FOR CELLS DERIVED FROM ADULT BONE MARROW DONORS AND CORD BLOOD,R408,541990,True,project_program_support,PSC_MATCH|KEYWORD_MATCH|MULTI_SIGNAL|MULTI_CATEGORY_MATCH|POTENTIAL_INTEGRATED_SERVICE|BASELINE_INCLUDE,health|management support|program management|program management support|technical services,,,,,,,,
HQ003414C0070,"IGF::OT::IGF TUITION, STIPEND PAYMENTS AND PROGRAM SUPPORT",R499,541611,True,project_program_support,PSC_BROAD_MATCH|NAICS_MATCH|MULTI_SIGNAL|MULTI_CATEGORY_MATCH|POTENTIAL_INTEGRATED_SERVICE|BASELINE_INCLUDE,program support,,,,,,,,
W31P4Q19F0034,"THIS IS A RESEARCH AND DEVELOPMENT (R&D) - SERVICE FOR NATIONAL SECURITY SYSTEMS ENGINEERING AND ANALYSIS. THE TOTAL TASK ORDER AMOUNT IS $47,259,313.17 WITH A PERIOD OF PERFORMANCE THROUGH 30 AUGUST 2023. THIS TASK ORDER WILL BE INCREMENTALLY FUNDED. THE INITIAL INCREMENT OF FUNDING IS $629,000.00 WITH A PERIOD OF PERFORMANCE THROUGH 06 SEPTEMBER 2019.",AJ41,541715,True,engineering_design_support,NAICS_BROAD_MATCH|KEYWORD_MATCH|MULTI_SIGNAL|MULTI_CATEGORY_MATCH|POTENTIAL_INTEGRATED_SERVICE|BASELINE_INCLUDE,systems engineering|task order,,,,,,,,
0032,SWEG TUTOR INSTRUCTORS,R499,541611,True,project_program_support,PSC_BROAD_MATCH|NAICS_MATCH|MULTI_SIGNAL|MULTI_CATEGORY_MATCH|POTENTIAL_INTEGRATED_SERVICE|BASELINE_INCLUDE,,,,,,,,,
W52P1J20C0016,EXERCISE UCA CONTRACT.,R499,541611,True,project_program_support,PSC_BROAD_MATCH|NAICS_MATCH|MULTI_SIGNAL|MULTI_CATEGORY_MATCH|POTENTIAL_INTEGRATED_SERVICE|BASELINE_INCLUDE,contract support,,,,,,,,
N0002417F3007,IGF::OT::IGF TECHNICAL SUPPORT FOR NATO SEASPARROW PROJECT OFFICE,R408,541330,True,project_program_support,PSC_MATCH|KEYWORD_MATCH|MULTI_SIGNAL|MULTI_CATEGORY_MATCH|POTENTIAL_INTEGRATED_SERVICE|BASELINE_INCLUDE,engineering services|management support|program management|program management support,,,,,,,,
M6740020F0187,PROJECT MANAGEMENT SUPPORT,R408,541330,True,project_program_support,PSC_MATCH|KEYWORD_MATCH|MULTI_SIGNAL|MULTI_CATEGORY_MATCH|POTENTIAL_INTEGRATED_SERVICE|BASELINE_INCLUDE,engineering services|management support|program management|program management support,,,,,,,,
0006,BASE WORK ACTIVITIES,R408,541990,True,project_program_support,PSC_MATCH|KEYWORD_MATCH|MULTI_SIGNAL|MULTI_CATEGORY_MATCH|POTENTIAL_INTEGRATED_SERVICE|BASELINE_INCLUDE,management support|program management|program management support|technical services,,,,,,,,
HTC71116FD011,IGF::OT::IGF JOINT DISTRIBUTION PROCESS ANALYSIS CENTER DISTRIBUTION ANALYSIS III,R706,541611,True,project_program_support,NAICS_MATCH|MULTI_CATEGORY_MATCH|POTENTIAL_INTEGRATED_SERVICE|BASELINE_INCLUDE,logistics support,,,,,,,,
HQ003420F0224,TECHNICAL AND ADMINISTRATIVE SUPPORT FOR WARFIGHTER SUPPORT AND COMBATANT COMMAND INTELLIGENCE SUPPORT FOR THE OFFICE OF THE UNDER SECRETARY OF DEFENSE (INTELLIGENCE AND SECURITY),R499,541611,True,project_program_support,PSC_BROAD_MATCH|NAICS_MATCH|MULTI_SIGNAL|MULTI_CATEGORY_MATCH|POTENTIAL_INTEGRATED_SERVICE|BASELINE_INCLUDE,administrative support,,,,,,,,
SAQMMA16F5713,IGF::OT::IGF AWARD OF TASK ORDER FOR PROFESSIONAL STAFFING SERVICES,R408,541618,True,project_program_support,PSC_MATCH|NAICS_MATCH|KEYWORD_MATCH|MULTI_SIGNAL|MULTI_CATEGORY_MATCH|POTENTIAL_INTEGRATED_SERVICE|BASELINE_INCLUDE,management support|program management|program management support|task order,,,,,,,,
75P00119F37016,CHILD WELFARE CAPACITY BUILDING CENTER FOR STATES,R499,541611,True,project_program_support,PSC_BROAD_MATCH|NAICS_MATCH|MULTI_SIGNAL|MULTI_CATEGORY_MATCH|POTENTIAL_INTEGRATED_SERVICE|BASELINE_INCLUDE,capacity building,,,,,,,,
H9240020F0247,J21 ADMIN SUPPORT MANPOWER AUGMENTATION,R499,541611,True,project_program_support,PSC_BROAD_MATCH|NAICS_MATCH|MULTI_SIGNAL|MULTI_CATEGORY_MATCH|POTENTIAL_INTEGRATED_SERVICE|BASELINE_INCLUDE,,0,,,,,,,
0001,INITIAL AWARD,R408,541330,True,project_program_support,PSC_MATCH|KEYWORD_MATCH|MULTI_SIGNAL|MULTI_CATEGORY_MATCH|POTENTIAL_INTEGRATED_SERVICE|BASELINE_INCLUDE,engineering services|management support|program management|program management support,,,,,,,,
FA701418F5009,IGF::CL::IGF SAF/FM SUPPORT,R408,541219,True,project_program_support,PSC_MATCH|KEYWORD_MATCH|MULTI_SIGNAL|MULTI_CATEGORY_MATCH|POTENTIAL_INTEGRATED_SERVICE|BASELINE_INCLUDE,management support|program management|program management support,,,,,,,,
H9223922P0004,"EVENT COORDINATION FOR 3SFG - TRIBE EMPOWERMENT CONFERENCE INCLUDES - LODGING, CATERING, CHILDCARE, CONFERENCE FACILITIES AND SUPPORT",R499,561920,True,event_hosting,PSC_BROAD_MATCH|NAICS_MATCH|LOW_SPECIFICITY_KEYWORD_ONLY|MULTI_SIGNAL|MULTI_CATEGORY_MATCH|POTENTIAL_INTEGRATED_SERVICE|BASELINE_INCLUDE,conference,,,,,,,,
H9240022F0128,SEPS- J21 HUMAN RESOURCES TASK ORDER AWARD,R499,541611,True,project_program_support,PSC_BROAD_MATCH|NAICS_MATCH|KEYWORD_MATCH|MULTI_SIGNAL|MULTI_CATEGORY_MATCH|POTENTIAL_INTEGRATED_SERVICE|BASELINE_INCLUDE,task order,,,,,,,,
89303722FEM400208,THIS AWARD IS FOR THE SAVANNAH RIVER INTEGRATED MISSION COMPLETION CONTRACT TASK ORDER 3 - LIQUID WASTE PROGRAM OPERATIONS.,R499,562910,True,project_program_support,PSC_BROAD_MATCH|KEYWORD_MATCH|MULTI_SIGNAL|MULTI_CATEGORY_MATCH|POTENTIAL_INTEGRATED_SERVICE|BASELINE_INCLUDE,task order,,,,,,,,
19AQMM19F0009,"LOGISTICAL SUPPORT, PROCESS, PHYSICAL DISTRIBUTION, AND LOGISTICS CONSULTING SERVICES/AMISON SOMALIA",R706,541618,True,project_program_support,NAICS_MATCH|MULTI_CATEGORY_MATCH|POTENTIAL_INTEGRATED_SERVICE|BASELINE_INCLUDE,logistics support,,,,,,,,
W56HZV23F0339,OPERATIONS SUPPORT SERVICES FOR PROGRAM EXECUTIVE OFFICE GROUND COMBAT SYSTEMS.,R408,541330,True,project_program_support,PSC_MATCH|KEYWORD_MATCH|MULTI_SIGNAL|MULTI_CATEGORY_MATCH|POTENTIAL_INTEGRATED_SERVICE|BASELINE_INCLUDE,engineering services|management support|program management|program management support|support services,,,,,,,,
H9240024F0059,FUERZAS COMANDO SEMINAR 24-22,R499,541611,True,project_program_support,PSC_BROAD_MATCH|NAICS_MATCH|MULTI_SIGNAL|MULTI_CATEGORY_MATCH|POTENTIAL_INTEGRATED_SERVICE|BASELINE_INCLUDE,seminar,,,,,,,,
H9240024F0103,JSOU TRAINING - SOMALIA CMOS PROGRAM 24-39,R499,541611,True,project_program_support,PSC_BROAD_MATCH|NAICS_MATCH|MULTI_SIGNAL|MULTI_CATEGORY_MATCH|POTENTIAL_INTEGRATED_SERVICE|BASELINE_INCLUDE,training,,,,,,,,
HQ085821C0012,EO14042 ASSIST WARFIGHTER OPERATIONAL INTEGRATION DIRECTORATE (MDA/DW) IN CONDUCTING STRATEGIC AND OPERATIONAL LEVEL INTERFACE WITH WARFIGHTER STAKEHOLDERS TO MANAGE OPERATIONAL AND SUSTAINMENT ACTIVITIES.,R408,541330,True,project_program_support,PSC_MATCH|KEYWORD_MATCH|MULTI_SIGNAL|MULTI_CATEGORY_MATCH|POTENTIAL_INTEGRATED_SERVICE|BASELINE_INCLUDE,engineering services|management support|program management|program management support,,,,,,,,
75FCMC21F0068,FEDERALLY FACILITATED EXCHANGE (FFE) OVERSIGHT,R499,541611,True,project_program_support,PSC_BROAD_MATCH|NAICS_MATCH|MULTI_SIGNAL|MULTI_CATEGORY_MATCH|POTENTIAL_INTEGRATED_SERVICE|BASELINE_INCLUDE,,,,,,,,,
19AQMM20F4136,ADMINISTRATIVE AND PROFESSIONAL MANAGEMENT SUPPORT,R408,541611,True,project_program_support,PSC_MATCH|NAICS_MATCH|KEYWORD_MATCH|MULTI_SIGNAL|MULTI_CATEGORY_MATCH|POTENTIAL_INTEGRATED_SERVICE|BASELINE_INCLUDE,management support|program management|program management support,,,,,,,,
H9240018F0018,T&M - STTE FTE SUPPORT,R499,541611,True,project_program_support,PSC_BROAD_MATCH|NAICS_MATCH|MULTI_SIGNAL|MULTI_CATEGORY_MATCH|POTENTIAL_INTEGRATED_SERVICE|BASELINE_INCLUDE,,,,,,,,,
H9240021F0101,"JCOG IAC SEMINAR LABOR, TRAVEL AND MATERIALS",R499,541990,True,event_hosting,PSC_BROAD_MATCH|KEYWORD_MATCH|MULTI_SIGNAL|MULTI_CATEGORY_MATCH|POTENTIAL_INTEGRATED_SERVICE|BASELINE_INCLUDE,seminar|technical services,,,,,,,,
W912DY18F0638,EQUIPMENT FUNDING,R408,541614,True,project_program_support,PSC_MATCH|KEYWORD_MATCH|MULTI_SIGNAL|MULTI_CATEGORY_MATCH|POTENTIAL_INTEGRATED_SERVICE|BASELINE_INCLUDE,management support|program management|program management support,0,,,,,,,
H9240022F0114,PERU IW CVE 22-66,R499,541611,True,project_program_support,PSC_BROAD_MATCH|NAICS_MATCH|MULTI_SIGNAL|MULTI_CATEGORY_MATCH|POTENTIAL_INTEGRATED_SERVICE|BASELINE_INCLUDE,,,,,,,,,
SAQMMA17F0338,"IGF::OT::IGF FOR OVERSEAS CONSULAR SUPPORT TO PROVIDE SUPPORT SERVICES FOR PACIFIC REGION CONSULAR OPERATIONS IN JAPAN, SOUTH KOREA, AUSTRALIA, FIJI, AND NEW ZEALAND SUCH AS USER-PAYS INFORMATION, APPOINTMENT, FEE COLLECTION, DOCUMENT DELIVERY, GREETER, AND OFFSITE BIOMETRIC COLLECTION SERVICES",R408,541513,True,project_program_support,PSC_MATCH|KEYWORD_MATCH|MULTI_SIGNAL|MULTI_CATEGORY_MATCH|POTENTIAL_INTEGRATED_SERVICE|BASELINE_INCLUDE,management support|program management|program management support|support services,,,,,,,,
H9223922P0009,GEMS PILLAR CONFERENCE,R499,561920,True,event_hosting,PSC_BROAD_MATCH|NAICS_MATCH|LOW_SPECIFICITY_KEYWORD_ONLY|MULTI_SIGNAL|MULTI_CATEGORY_MATCH|POTENTIAL_INTEGRATED_SERVICE|BASELINE_INCLUDE,conference,,,,,,,,
H9224024F0015,FY24 MAJCOM EXECUTIVE COACHING ELIN A005,U099,541618,True,project_program_support,NAICS_MATCH|MULTI_CATEGORY_MATCH|POTENTIAL_INTEGRATED_SERVICE|BASELINE_INCLUDE,education|training,,,,,,,,
0036,ENG SVCS,R408,541330,True,project_program_support,PSC_MATCH|KEYWORD_MATCH|MULTI_SIGNAL|MULTI_CATEGORY_MATCH|POTENTIAL_INTEGRATED_SERVICE|BASELINE_INCLUDE,engineering services|management support|program management|program management support,,,,,,,,
H9240020F0168,"CAMEROON SOF STAFF PLANNING CRSE, 20-104&20-105",R499,541611,True,project_program_support,PSC_BROAD_MATCH|NAICS_MATCH|MULTI_SIGNAL|MULTI_CATEGORY_MATCH|POTENTIAL_INTEGRATED_SERVICE|BASELINE_INCLUDE,,,,,,,,,
HDTRA123F0007,"PLANNING, OPERATIONS, AND ADVISORY SERVICES ORDER TRANSITION",R408,541330,True,project_program_support,PSC_MATCH|KEYWORD_MATCH|MULTI_SIGNAL|MULTI_CATEGORY_MATCH|POTENTIAL_INTEGRATED_SERVICE|BASELINE_INCLUDE,engineering services|management support|program management|program management support,,,,,,,,
H9240023F0132,COLOMBIA ISNIC 23-41,R499,541611,True,project_program_support,PSC_BROAD_MATCH|NAICS_MATCH|MULTI_SIGNAL|MULTI_CATEGORY_MATCH|POTENTIAL_INTEGRATED_SERVICE|BASELINE_INCLUDE,,0,,,,,,,
M801,IGF::OT::IGF PMA265 PROGRAM MANAGEMENT AND ENGINEERING SUPPORT SERVICES,R408,541330,True,project_program_support,PSC_MATCH|KEYWORD_MATCH|MULTI_SIGNAL|MULTI_CATEGORY_MATCH|POTENTIAL_INTEGRATED_SERVICE|BASELINE_INCLUDE,engineering services|engineering support|management support|program management|program management support|support services,,,,,,,,
0142,FUNDING CORE BASE PERIOD IGF::OT::IGF,R408,541330,True,project_program_support,PSC_MATCH|KEYWORD_MATCH|MULTI_SIGNAL|MULTI_CATEGORY_MATCH|POTENTIAL_INTEGRATED_SERVICE|BASELINE_INCLUDE,engineering services|management support|program management|program management support,,,,,,,,
W81XWH15F0350,IGF::CT::IGF JMLFDC OPERATIONS SUPPORT SERVICES,R408,541512,True,project_program_support,PSC_MATCH|KEYWORD_MATCH|MULTI_SIGNAL|MULTI_CATEGORY_MATCH|POTENTIAL_INTEGRATED_SERVICE|BASELINE_INCLUDE,management support|program management|program management support|support services,,,,,,,,
H9240024F0158,24-81 TANZANIA JUSTIFIED ACCORD,R499,541611,True,project_program_support,PSC_BROAD_MATCH|NAICS_MATCH|MULTI_SIGNAL|MULTI_CATEGORY_MATCH|POTENTIAL_INTEGRATED_SERVICE|BASELINE_INCLUDE,,,,,,,,,
36C10X23N0040,VHA INTEGRATED HEALTHCARE TRANSFORMATION (IHT) IDIQ CONTRACT- EHRM RAPID SUPPORT,R499,541611,True,project_program_support,PSC_BROAD_MATCH|NAICS_MATCH|MULTI_SIGNAL|MULTI_CATEGORY_MATCH|POTENTIAL_INTEGRATED_SERVICE|BASELINE_INCLUDE,,,,,,,,,
H9240023F0052,CAMP DAWSON 23-25,R499,541611,True,project_program_support,PSC_BROAD_MATCH|NAICS_MATCH|MULTI_SIGNAL|MULTI_CATEGORY_MATCH|POTENTIAL_INTEGRATED_SERVICE|BASELINE_INCLUDE,,0,,,,,,,
HHSM500T0002,IGF::CT::IGF TASK ORDER AWARD FOR UPIC SOUTHEASTERN JURSIDICTION,R499,541990,True,project_program_support,PSC_BROAD_MATCH|KEYWORD_MATCH|MULTI_SIGNAL|MULTI_CATEGORY_MATCH|POTENTIAL_INTEGRATED_SERVICE|BASELINE_INCLUDE,task order|technical services,,,,,,,,
N0002420C5211,ENGINEERING SERVICES,AC63,541715,True,engineering_design_support,NAICS_BROAD_MATCH|KEYWORD_MATCH|MULTI_SIGNAL|MULTI_CATEGORY_MATCH|POTENTIAL_INTEGRATED_SERVICE|BASELINE_INCLUDE,engineering services,,,,,,,,
H9240023F0071,FFP - LABOR JK23131 (LONG&SHORT),R499,541611,True,project_program_support,PSC_BROAD_MATCH|NAICS_MATCH|MULTI_SIGNAL|MULTI_CATEGORY_MATCH|POTENTIAL_INTEGRATED_SERVICE|BASELINE_INCLUDE,,,,,,,,,
H9225722F0073,PR/ SERE SUPPORT,U099,541611,True,project_program_support,NAICS_MATCH|MULTI_CATEGORY_MATCH|POTENTIAL_INTEGRATED_SERVICE|BASELINE_INCLUDE,education|training,,,,,,,,
